Workbook

Sheet Parametros
A1: PARAMETROS — Edita la columna B y toda la simulacion se actualiza
A2: Las celdas B4:B11 son referenciadas por formulas en la hoja Simulacion. No mover. Cambiar el valor y Excel recalcula todo automaticamente.
A3: Parametro | B3: VALOR | C3: Rango valido | D3: Que controla
A4: a1 (alpha1) | B4: 0.95 | C4: 0.01 – 0.99 | D4: Decaimiento de la DENDRITA. Cerca de 1 = olvida despacio = memoria larga → paso-bajo
A5: a2 (alpha2) | B5: 0.05 | C5: 0.01 – 0.99 | D5: Decaimiento del SOMA. Cerca de 0 = olvida rapido = memoria corta → paso-alto
A6: b1 (beta1) | B6: 0 | C6: -1.0 – 1.0 | D6: Acoplamiento soma→dendrita. 0 = el soma no influye en la dendrita
A7: b2 (beta2) | B7: -0.9 | C7: -1.0 – 0.0 | D7: Acoplamiento dendrita→soma. Negativo = la dendrita frena al soma (evita saturacion)
A8: g1 (gamma1) | B8: 0.5 | C8: 0.0 – 2.0 | D8: Reset dendrita: vd baja en g1 cada vez que sd_prev=1 (la neurona disparo antes)
A9: g2 (gamma2) | B9: 1 | C9: 0.0 – 2.0 | D9: Reset soma: vs baja en g2 cada vez que ss_prev=1
A10: v_th | B10: 1 | C10: 0.1 – 2.0 | D10: Umbral de disparo: sd=1 si vd >= v_th / ss=1 si vs >= v_th
A11: kappa | B11: 0.5 | C11: 0.0 – 1.0 | D11: Peso de mezcla salida: s_mix = kappa*sd + (1-kappa)*ss
A13: VERIFICACION DE ESTABILIDAD (Teorema 1) — formulas Excel que recalculan con los parametros
A14: Magnitud | B14: Resultado | C14: Formula | D14: Que significa
A15: Traza | B15: =B4+B5+B6*B7 | C15: =B4+B5+B6*B7 | D15: a1 + a2 + b1*b2 — suma de los terminos de decaimiento mas el producto de acoplamientos
A16: Discriminante | B16: =SQRT(B15^2-4*B4*B5) | C16: =SQRT(B15^2-4*B4*B5) | D16: sqrt(traza^2 - 4*a1*a2) — parte variable bajo la raiz del polinomio caracteristico
A17: Lambda 1 (dendrita) | B17: =(B15+B16)/2 | C17: =(B15+B16)/2 | D17: Autovalor 1 = (traza + disc)/2 — constante de tiempo de la DENDRITA (debe ser |λ|<1)
A18: Lambda 2 (soma) | B18: =(B15-B16)/2 | C18: =(B15-B16)/2 | D18: Autovalor 2 = (traza - disc)/2 — constante de tiempo del SOMA (debe ser |λ|<1)
A19: |Lambda 1| < 1 ? | B19: =IF(ABS(B17)<1,"ESTABLE","INESTABLE — ajusta los parametros") | C19: =IF(ABS(B17)<1,"ESTABLE","INESTABLE — ajusta los parametros") | D19: Si es INESTABLE, el potencial crecera sin limite y la red divergira
A20: |Lambda 2| < 1 ? | B20: =IF(ABS(B18)<1,"ESTABLE","INESTABLE — ajusta los parametros") | C20: =IF(ABS(B18)<1,"ESTABLE","INESTABLE — ajusta los parametros") | D20: Ambos autovalores deben cumplir esta condicion para garantizar convergencia

Sheet Datos
A1: electricity_sample.csv — 168 horas x 3 nodos reales UCI Electricity dataset
A2: Hora t | B2: Nodo 0 | C2: Nodo 1 | D2: Nodo 2
A3: 0 | B3: 0.002481 | C3: 0.079179 | D3: 0.049125
A4: 1 | B4: 0.036386 | C4: 0.032258 | D4: 0.041099
A5: 2 | B5: 0.017159 | C5: 0.02346 | D5: 0.015807
A6: 3 | B6: 0.010544 | C6: 0.002933 | D6: 0.013375
A7: 4 | B7: 0.010337 | C7: 0.008798 | D7: 0.051556
A8: 5 | B8: 0.008683 | C8: 0 | D8: 0.23249
A9: 6 | B9: 0.013852 | C9: 0 | D9: 0.521158
A10: 7 | B10: 0.006409 | C10: 0.290323 | D10: 0.536965
A11: 8 | B11: 0 | C11: 0.390029 | D11: 0.580739
A12: 9 | B12: 0.040728 | C12: 0.527859 | D12: 0.700875
A13: 10 | B13: 0.131073 | C13: 0.612903 | D13: 0.663911
A14: 11 | B14: 0.177796 | C14: 0.668622 | D14: 0.626459
... A170: 167 | B170: 0.344222 | C170: 0.404692 | D170: 0.146644

Sheet Simulacion
A1: SIMULACION TS-LIF — Formulas Excel reales. Cambia Parametros!B4:B11 y todo recalcula automaticamente.
A2: ENTRADA | C2: DENDRITA → vd[t] = a1·vd_prev + b1·vs_prev + (1−a1)·c[t] − g1·sd_prev | J2: SOMA → vs[t] = a2·vs_prev + b2·vd[t] + (1−a2)·c[t] − g2·ss_prev | Q2: SALIDA
A3: t hora | B3: c[t] consumo entrada | C3: a1 · vd_prev 0.95 × vd ant. | D3: b1 · vs_prev 0.00 × vs ant. | E3: (1−a1) · c 0.05 × entrada | F3: −g1 · sd_prev −0.5 × spike_d_prev | G3: =vd[t] SUMA 4 terminos | H3: sd[t] spike dendrita | J3: a2 · vs_prev 0.05 × vs ant. | K3: b2 · vd[t] −0.9 × vd nuevo | L3: (1−a2) · c 0.95 × entrada | M3: −g2 · ss_prev −1.0 × spike_s_prev | N3: =vs[t] SUMA 4 terminos | O3: ss[t] spike soma | Q3: s_mix[t] κ·sd+(1−κ)·ss
A4: Estado inicial → vd = 0 | vs = 0 | sd = 0 | ss = 0 | G4: 0 | H4: 0 | N4: 0 | O4: 0
A5: 0 | B5: =Datos!$B$3 | C5: =Parametros!$B$4*G4 | D5: =Parametros!$B$6*N4 | E5: =(1-Parametros!$B$4)*B5 | F5: =-Parametros!$B$8*H4 | G5: =C5+D5+E5+F5 | H5: =IF(G5>=Parametros!$B$10,1,0) | J5: =Parametros!$B$5*N4 | K5: =Parametros!$B$7*G5 | L5: =(1-Parametros!$B$5)*B5 | M5: =-Parametros!$B$9*O4 | N5: =J5+K5+L5+M5 | O5: =IF(N5>=Parametros!$B$10,1,0) | Q5: =Parametros!$B$11*H5+(1-Parametros!$B$11)*O5
A6: 1 | B6: =Datos!$B$4 | C6: =Parametros!$B$4*G5 | D6: =Parametros!$B$6*N5 | E6: =(1-Parametros!$B$4)*B6 | F6: =-Parametros!$B$8*H5 | G6: =C6+D6+E6+F6 | H6: =IF(G6>=Parametros!$B$10,1,0) | J6: =Parametros!$B$5*N5 | K6: =Parametros!$B$7*G6 | L6: =(1-Parametros!$B$5)*B6 | M6: =-Parametros!$B$9*O5 | N6: =J6+K6+L6+M6 | O6: =IF(N6>=Parametros!$B$10,1,0) | Q6: =Parametros!$B$11*H6+(1-Parametros!$B$11)*O6
A7: 2 | B7: =Datos!$B$5 | C7: =Parametros!$B$4*G6 | D7: =Parametros!$B$6*N6 | E7: =(1-Parametros!$B$4)*B7 | F7: =-Parametros!$B$8*H6 | G7: =C7+D7+E7+F7 | H7: =IF(G7>=Parametros!$B$10,1,0) | J7: =Parametros!$B$5*N6 | K7: =Parametros!$B$7*G7 | L7: =(1-Parametros!$B$5)*B7 | M7: =-Parametros!$B$9*O6 | N7: =J7+K7+L7+M7 | O7: =IF(N7>=Parametros!$B$10,1,0) | Q7: =Parametros!$B$11*H7+(1-Parametros!$B$11)*O7
A8: 3 | B8: =Datos!$B$6 | C8: =Parametros!$B$4*G7 | D8: =Parametros!$B$6*N7 | E8: =(1-Parametros!$B$4)*B8 | F8: =-Parametros!$B$8*H7 | G8: =C8+D8+E8+F8 | H8: =IF(G8>=Parametros!$B$10,1,0) | J8: =Parametros!$B$5*N7 | K8: =Parametros!$B$7*G8 | L8: =(1-Parametros!$B$5)*B8 | M8: =-Parametros!$B$9*O7 | N8: =J8+K8+L8+M8 | O8: =IF(N8>=Parametros!$B$10,1,0) | Q8: =Parametros!$B$11*H8+(1-Parametros!$B$11)*O8
A9: 4 | B9: =Datos!$B$7 | C9: =Parametros!$B$4*G8 | D9: =Parametros!$B$6*N8 | E9: =(1-Parametros!$B$4)*B9 | F9: =-Parametros!$B$8*H8 | G9: =C9+D9+E9+F9 | H9: =IF(G9>=Parametros!$B$10,1,0) | J9: =Parametros!$B$5*N8 | K9: =Parametros!$B$7*G9 | L9: =(1-Parametros!$B$5)*B9 | M9: =-Parametros!$B$9*O8 | N9: =J9+K9+L9+M9 | O9: =IF(N9>=Parametros!$B$10,1,0) | Q9: =Parametros!$B$11*H9+(1-Parametros!$B$11)*O9
A10: 5 | B10: =Datos!$B$8 | C10: =Parametros!$B$4*G9 | D10: =Parametros!$B$6*N9 | E10: =(1-Parametros!$B$4)*B10 | F10: =-Parametros!$B$8*H9 | G10: =C10+D10+E10+F10 | H10: =IF(G10>=Parametros!$B$10,1,0) | J10: =Parametros!$B$5*N9 | K10: =Parametros!$B$7*G10 | L10: =(1-Parametros!$B$5)*B10 | M10: =-Parametros!$B$9*O9 | N10: =J10+K10+L10+M10 | O10: =IF(N10>=Parametros!$B$10,1,0) | Q10: =Parametros!$B$11*H10+(1-Parametros!$B$11)*O10
A11: 6 | B11: =Datos!$B$9 | C11: =Parametros!$B$4*G10 | D11: =Parametros!$B$6*N10 | E11: =(1-Parametros!$B$4)*B11 | F11: =-Parametros!$B$8*H10 | G11: =C11+D11+E11+F11 | H11: =IF(G11>=Parametros!$B$10,1,0) | J11: =Parametros!$B$5*N10 | K11: =Parametros!$B$7*G11 | L11: =(1-Parametros!$B$5)*B11 | M11: =-Parametros!$B$9*O10 | N11: =J11+K11+L11+M11 | O11: =IF(N11>=Parametros!$B$10,1,0) | Q11: =Parametros!$B$11*H11+(1-Parametros!$B$11)*O11
A12: 7 | B12: =Datos!$B$10 | C12: =Parametros!$B$4*G11 | D12: =Parametros!$B$6*N11 | E12: =(1-Parametros!$B$4)*B12 | F12: =-Parametros!$B$8*H11 | G12: =C12+D12+E12+F12 | H12: =IF(G12>=Parametros!$B$10,1,0) | J12: =Parametros!$B$5*N11 | K12: =Parametros!$B$7*G12 | L12: =(1-Parametros!$B$5)*B12 | M12: =-Parametros!$B$9*O11 | N12: =J12+K12+L12+M12 | O12: =IF(N12>=Parametros!$B$10,1,0) | Q12: =Parametros!$B$11*H12+(1-Parametros!$B$11)*O12
A13: 8 | B13: =Datos!$B$11 | C13: =Parametros!$B$4*G12 | D13: =Parametros!$B$6*N12 | E13: =(1-Parametros!$B$4)*B13 | F13: =-Parametros!$B$8*H12 | G13: =C13+D13+E13+F13 | H13: =IF(G13>=Parametros!$B$10,1,0) | J13: =Parametros!$B$5*N12 | K13: =Parametros!$B$7*G13 | L13: =(1-Parametros!$B$5)*B13 | M13: =-Parametros!$B$9*O12 | N13: =J13+K13+L13+M13 | O13: =IF(N13>=Parametros!$B$10,1,0) | Q13: =Parametros!$B$11*H13+(1-Parametros!$B$11)*O13
A14: 9 | B14: =Datos!$B$12 | C14: =Parametros!$B$4*G13 | D14: =Parametros!$B$6*N13 | E14: =(1-Parametros!$B$4)*B14 | F14: =-Parametros!$B$8*H13 | G14: =C14+D14+E14+F14 | H14: =IF(G14>=Parametros!$B$10,1,0) | J14: =Parametros!$B$5*N13 | K14: =Parametros!$B$7*G14 | L14: =(1-Parametros!$B$5)*B14 | M14: =-Parametros!$B$9*O13 | N14: =J14+K14+L14+M14 | O14: =IF(N14>=Parametros!$B$10,1,0) | Q14: =Parametros!$B$11*H14+(1-Parametros!$B$11)*O14
A15: 10 | B15: =Datos!$B$13 | C15: =Parametros!$B$4*G14 | D15: =Parametros!$B$6*N14 | E15: =(1-Parametros!$B$4)*B15 | F15: =-Parametros!$B$8*H14 | G15: =C15+D15+E15+F15 | H15: =IF(G15>=Parametros!$B$10,1,0) | J15: =Parametros!$B$5*N14 | K15: =Parametros!$B$7*G15 | L15: =(1-Parametros!$B$5)*B15 | M15: =-Parametros!$B$9*O14 | N15: =J15+K15+L15+M15 | O15: =IF(N15>=Parametros!$B$10,1,0) | Q15: =Parametros!$B$11*H15+(1-Parametros!$B$11)*O15
A16: 11 | B16: =Datos!$B$14 | C16: =Parametros!$B$4*G15 | D16: =Parametros!$B$6*N15 | E16: =(1-Parametros!$B$4)*B16 | F16: =-Parametros!$B$8*H15 | G16: =C16+D16+E16+F16 | H16: =IF(G16>=Parametros!$B$10,1,0) | J16: =Parametros!$B$5*N15 | K16: =Parametros!$B$7*G16 | L16: =(1-Parametros!$B$5)*B16 | M16: =-Parametros!$B$9*O15 | N16: =J16+K16+L16+M16 | O16: =IF(N16>=Parametros!$B$10,1,0) | Q16: =Parametros!$B$11*H16+(1-Parametros!$B$11)*O16
A17: 12 | B17: =Datos!$B$15 | C17: =Parametros!$B$4*G16 | D17: =Parametros!$B$6*N16 | E17: =(1-Parametros!$B$4)*B17 | F17: =-Parametros!$B$8*H16 | G17: =C17+D17+E17+F17 | H17: =IF(G17>=Parametros!$B$10,1,0) | J17: =Parametros!$B$5*N16 | K17: =Parametros!$B$7*G17 | L17: =(1-Parametros!$B$5)*B17 | M17: =-Parametros!$B$9*O16 | N17: =J17+K17+L17+M17 | O17: =IF(N17>=Parametros!$B$10,1,0) | Q17: =Parametros!$B$11*H17+(1-Parametros!$B$11)*O17
A18: 13 | B18: =Datos!$B$16 | C18: =Parametros!$B$4*G17 | D18: =Parametros!$B$6*N17 | E18: =(1-Parametros!$B$4)*B18 | F18: =-Parametros!$B$8*H17 | G18: =C18+D18+E18+F18 | H18: =IF(G18>=Parametros!$B$10,1,0) | J18: =Parametros!$B$5*N17 | K18: =Parametros!$B$7*G18 | L18: =(1-Parametros!$B$5)*B18 | M18: =-Parametros!$B$9*O17 | N18: =J18+K18+L18+M18 | O18: =IF(N18>=Parametros!$B$10,1,0) | Q18: =Parametros!$B$11*H18+(1-Parametros!$B$11)*O18
A19: 14 | B19: =Datos!$B$17 | C19: =Parametros!$B$4*G18 | D19: =Parametros!$B$6*N18 | E19: =(1-Parametros!$B$4)*B19 | F19: =-Parametros!$B$8*H18 | G19: =C19+D19+E19+F19 | H19: =IF(G19>=Parametros!$B$10,1,0) | J19: =Parametros!$B$5*N18 | K19: =Parametros!$B$7*G19 | L19: =(1-Parametros!$B$5)*B19 | M19: =-Parametros!$B$9*O18 | N19: =J19+K19+L19+M19 | O19: =IF(N19>=Parametros!$B$10,1,0) | Q19: =Parametros!$B$11*H19+(1-Parametros!$B$11)*O19
A20: 15 | B20: =Datos!$B$18 | C20: =Parametros!$B$4*G19 | D20: =Parametros!$B$6*N19 | E20: =(1-Parametros!$B$4)*B20 | F20: =-Parametros!$B$8*H19 | G20: =C20+D20+E20+F20 | H20: =IF(G20>=Parametros!$B$10,1,0) | J20: =Parametros!$B$5*N19 | K20: =Parametros!$B$7*G20 | L20: =(1-Parametros!$B$5)*B20 | M20: =-Parametros!$B$9*O19 | N20: =J20+K20+L20+M20 | O20: =IF(N20>=Parametros!$B$10,1,0) | Q20: =Parametros!$B$11*H20+(1-Parametros!$B$11)*O20
A21: 16 | B21: =Datos!$B$19 | C21: =Parametros!$B$4*G20 | D21: =Parametros!$B$6*N20 | E21: =(1-Parametros!$B$4)*B21 | F21: =-Parametros!$B$8*H20 | G21: =C21+D21+E21+F21 | H21: =IF(G21>=Parametros!$B$10,1,0) | J21: =Parametros!$B$5*N20 | K21: =Parametros!$B$7*G21 | L21: =(1-Parametros!$B$5)*B21 | M21: =-Parametros!$B$9*O20 | N21: =J21+K21+L21+M21 | O21: =IF(N21>=Parametros!$B$10,1,0) | Q21: =Parametros!$B$11*H21+(1-Parametros!$B$11)*O21
A22: 17 | B22: =Datos!$B$20 | C22: =Parametros!$B$4*G21 | D22: =Parametros!$B$6*N21 | E22: =(1-Parametros!$B$4)*B22 | F22: =-Parametros!$B$8*H21 | G22: =C22+D22+E22+F22 | H22: =IF(G22>=Parametros!$B$10,1,0) | J22: =Parametros!$B$5*N21 | K22: =Parametros!$B$7*G22 | L22: =(1-Parametros!$B$5)*B22 | M22: =-Parametros!$B$9*O21 | N22: =J22+K22+L22+M22 | O22: =IF(N22>=Parametros!$B$10,1,0) | Q22: =Parametros!$B$11*H22+(1-Parametros!$B$11)*O22
A23: 18 | B23: =Datos!$B$21 | C23: =Parametros!$B$4*G22 | D23: =Parametros!$B$6*N22 | E23: =(1-Parametros!$B$4)*B23 | F23: =-Parametros!$B$8*H22 | G23: =C23+D23+E23+F23 | H23: =IF(G23>=Parametros!$B$10,1,0) | J23: =Parametros!$B$5*N22 | K23: =Parametros!$B$7*G23 | L23: =(1-Parametros!$B$5)*B23 | M23: =-Parametros!$B$9*O22 | N23: =J23+K23+L23+M23 | O23: =IF(N23>=Parametros!$B$10,1,0) | Q23: =Parametros!$B$11*H23+(1-Parametros!$B$11)*O23
A24: 19 | B24: =Datos!$B$22 | C24: =Parametros!$B$4*G23 | D24: =Parametros!$B$6*N23 | E24: =(1-Parametros!$B$4)*B24 | F24: =-Parametros!$B$8*H23 | G24: =C24+D24+E24+F24 | H24: =IF(G24>=Parametros!$B$10,1,0) | J24: =Parametros!$B$5*N23 | K24: =Parametros!$B$7*G24 | L24: =(1-Parametros!$B$5)*B24 | M24: =-Parametros!$B$9*O23 | N24: =J24+K24+L24+M24 | O24: =IF(N24>=Parametros!$B$10,1,0) | Q24: =Parametros!$B$11*H24+(1-Parametros!$B$11)*O24
A25: 20 | B25: =Datos!$B$23 | C25: =Parametros!$B$4*G24 | D25: =Parametros!$B$6*N24 | E25: =(1-Parametros!$B$4)*B25 | F25: =-Parametros!$B$8*H24 | G25: =C25+D25+E25+F25 | H25: =IF(G25>=Parametros!$B$10,1,0) | J25: =Parametros!$B$5*N24 | K25: =Parametros!$B$7*G25 | L25: =(1-Parametros!$B$5)*B25 | M25: =-Parametros!$B$9*O24 | N25: =J25+K25+L25+M25 | O25: =IF(N25>=Parametros!$B$10,1,0) | Q25: =Parametros!$B$11*H25+(1-Parametros!$B$11)*O25
A26: 21 | B26: =Datos!$B$24 | C26: =Parametros!$B$4*G25 | D26: =Parametros!$B$6*N25 | E26: =(1-Parametros!$B$4)*B26 | F26: =-Parametros!$B$8*H25 | G26: =C26+D26+E26+F26 | H26: =IF(G26>=Parametros!$B$10,1,0) | J26: =Parametros!$B$5*N25 | K26: =Parametros!$B$7*G26 | L26: =(1-Parametros!$B$5)*B26 | M26: =-Parametros!$B$9*O25 | N26: =J26+K26+L26+M26 | O26: =IF(N26>=Parametros!$B$10,1,0) | Q26: =Parametros!$B$11*H26+(1-Parametros!$B$11)*O26
A27: 22 | B27: =Datos!$B$25 | C27: =Parametros!$B$4*G26 | D27: =Parametros!$B$6*N26 | E27: =(1-Parametros!$B$4)*B27 | F27: =-Parametros!$B$8*H26 | G27: =C27+D27+E27+F27 | H27: =IF(G27>=Parametros!$B$10,1,0) | J27: =Parametros!$B$5*N26 | K27: =Parametros!$B$7*G27 | L27: =(1-Parametros!$B$5)*B27 | M27: =-Parametros!$B$9*O26 | N27: =J27+K27+L27+M27 | O27: =IF(N27>=Parametros!$B$10,1,0) | Q27: =Parametros!$B$11*H27+(1-Parametros!$B$11)*O27
A28: 23 | B28: =Datos!$B$26 | C28: =Parametros!$B$4*G27 | D28: =Parametros!$B$6*N27 | E28: =(1-Parametros!$B$4)*B28 | F28: =-Parametros!$B$8*H27 | G28: =C28+D28+E28+F28 | H28: =IF(G28>=Parametros!$B$10,1,0) | J28: =Parametros!$B$5*N27 | K28: =Parametros!$B$7*G28 | L28: =(1-Parametros!$B$5)*B28 | M28: =-Parametros!$B$9*O27 | N28: =J28+K28+L28+M28 | O28: =IF(N28>=Parametros!$B$10,1,0) | Q28: =Parametros!$B$11*H28+(1-Parametros!$B$11)*O28
A29: 24 | B29: =Datos!$B$27 | C29: =Parametros!$B$4*G28 | D29: =Parametros!$B$6*N28 | E29: =(1-Parametros!$B$4)*B29 | F29: =-Parametros!$B$8*H28 | G29: =C29+D29+E29+F29 | H29: =IF(G29>=Parametros!$B$10,1,0) | J29: =Parametros!$B$5*N28 | K29: =Parametros!$B$7*G29 | L29: =(1-Parametros!$B$5)*B29 | M29: =-Parametros!$B$9*O28 | N29: =J29+K29+L29+M29 | O29: =IF(N29>=Parametros!$B$10,1,0) | Q29: =Parametros!$B$11*H29+(1-Parametros!$B$11)*O29
A30: 25 | B30: =Datos!$B$28 | C30: =Parametros!$B$4*G29 | D30: =Parametros!$B$6*N29 | E30: =(1-Parametros!$B$4)*B30 | F30: =-Parametros!$B$8*H29 | G30: =C30+D30+E30+F30 | H30: =IF(G30>=Parametros!$B$10,1,0) | J30: =Parametros!$B$5*N29 | K30: =Parametros!$B$7*G30 | L30: =(1-Parametros!$B$5)*B30 | M30: =-Parametros!$B$9*O29 | N30: =J30+K30+L30+M30 | O30: =IF(N30>=Parametros!$B$10,1,0) | Q30: =Parametros!$B$11*H30+(1-Parametros!$B$11)*O30
A31: 26 | B31: =Datos!$B$29 | C31: =Parametros!$B$4*G30 | D31: =Parametros!$B$6*N30 | E31: =(1-Parametros!$B$4)*B31 | F31: =-Parametros!$B$8*H30 | G31: =C31+D31+E31+F31 | H31: =IF(G31>=Parametros!$B$10,1,0) | J31: =Parametros!$B$5*N30 | K31: =Parametros!$B$7*G31 | L31: =(1-Parametros!$B$5)*B31 | M31: =-Parametros!$B$9*O30 | N31: =J31+K31+L31+M31 | O31: =IF(N31>=Parametros!$B$10,1,0) | Q31: =Parametros!$B$11*H31+(1-Parametros!$B$11)*O31
A32: 27 | B32: =Datos!$B$30 | C32: =Parametros!$B$4*G31 | D32: =Parametros!$B$6*N31 | E32: =(1-Parametros!$B$4)*B32 | F32: =-Parametros!$B$8*H31 | G32: =C32+D32+E32+F32 | H32: =IF(G32>=Parametros!$B$10,1,0) | J32: =Parametros!$B$5*N31 | K32: =Parametros!$B$7*G32 | L32: =(1-Parametros!$B$5)*B32 | M32: =-Parametros!$B$9*O31 | N32: =J32+K32+L32+M32 | O32: =IF(N32>=Parametros!$B$10,1,0) | Q32: =Parametros!$B$11*H32+(1-Parametros!$B$11)*O32
A33: 28 | B33: =Datos!$B$31 | C33: =Parametros!$B$4*G32 | D33: =Parametros!$B$6*N32 | E33: =(1-Parametros!$B$4)*B33 | F33: =-Parametros!$B$8*H32 | G33: =C33+D33+E33+F33 | H33: =IF(G33>=Parametros!$B$10,1,0) | J33: =Parametros!$B$5*N32 | K33: =Parametros!$B$7*G33 | L33: =(1-Parametros!$B$5)*B33 | M33: =-Parametros!$B$9*O32 | N33: =J33+K33+L33+M33 | O33: =IF(N33>=Parametros!$B$10,1,0) | Q33: =Parametros!$B$11*H33+(1-Parametros!$B$11)*O33
A34: 29 | B34: =Datos!$B$32 | C34: =Parametros!$B$4*G33 | D34: =Parametros!$B$6*N33 | E34: =(1-Parametros!$B$4)*B34 | F34: =-Parametros!$B$8*H33 | G34: =C34+D34+E34+F34 | H34: =IF(G34>=Parametros!$B$10,1,0) | J34: =Parametros!$B$5*N33 | K34: =Parametros!$B$7*G34 | L34: =(1-Parametros!$B$5)*B34 | M34: =-Parametros!$B$9*O33 | N34: =J34+K34+L34+M34 | O34: =IF(N34>=Parametros!$B$10,1,0) | Q34: =Parametros!$B$11*H34+(1-Parametros!$B$11)*O34
A35: 30 | B35: =Datos!$B$33 | C35: =Parametros!$B$4*G34 | D35: =Parametros!$B$6*N34 | E35: =(1-Parametros!$B$4)*B35 | F35: =-Parametros!$B$8*H34 | G35: =C35+D35+E35+F35 | H35: =IF(G35>=Parametros!$B$10,1,0) | J35: =Parametros!$B$5*N34 | K35: =Parametros!$B$7*G35 | L35: =(1-Parametros!$B$5)*B35 | M35: =-Parametros!$B$9*O34 | N35: =J35+K35+L35+M35 | O35: =IF(N35>=Parametros!$B$10,1,0) | Q35: =Parametros!$B$11*H35+(1-Parametros!$B$11)*O35
A36: 31 | B36: =Datos!$B$34 | C36: =Parametros!$B$4*G35 | D36: =Parametros!$B$6*N35 | E36: =(1-Parametros!$B$4)*B36 | F36: =-Parametros!$B$8*H35 | G36: =C36+D36+E36+F36 | H36: =IF(G36>=Parametros!$B$10,1,0) | J36: =Parametros!$B$5*N35 | K36: =Parametros!$B$7*G36 | L36: =(1-Parametros!$B$5)*B36 | M36: =-Parametros!$B$9*O35 | N36: =J36+K36+L36+M36 | O36: =IF(N36>=Parametros!$B$10,1,0) | Q36: =Parametros!$B$11*H36+(1-Parametros!$B$11)*O36
A37: 32 | B37: =Datos!$B$35 | C37: =Parametros!$B$4*G36 | D37: =Parametros!$B$6*N36 | E37: =(1-Parametros!$B$4)*B37 | F37: =-Parametros!$B$8*H36 | G37: =C37+D37+E37+F37 | H37: =IF(G37>=Parametros!$B$10,1,0) | J37: =Parametros!$B$5*N36 | K37: =Parametros!$B$7*G37 | L37: =(1-Parametros!$B$5)*B37 | M37: =-Parametros!$B$9*O36 | N37: =J37+K37+L37+M37 | O37: =IF(N37>=Parametros!$B$10,1,0) | Q37: =Parametros!$B$11*H37+(1-Parametros!$B$11)*O37
A38: 33 | B38: =Datos!$B$36 | C38: =Parametros!$B$4*G37 | D38: =Parametros!$B$6*N37 | E38: =(1-Parametros!$B$4)*B38 | F38: =-Parametros!$B$8*H37 | G38: =C38+D38+E38+F38 | H38: =IF(G38>=Parametros!$B$10,1,0) | J38: =Parametros!$B$5*N37 | K38: =Parametros!$B$7*G38 | L38: =(1-Parametros!$B$5)*B38 | M38: =-Parametros!$B$9*O37 | N38: =J38+K38+L38+M38 | O38: =IF(N38>=Parametros!$B$10,1,0) | Q38: =Parametros!$B$11*H38+(1-Parametros!$B$11)*O38
A39: 34 | B39: =Datos!$B$37 | C39: =Parametros!$B$4*G38 | D39: =Parametros!$B$6*N38 | E39: =(1-Parametros!$B$4)*B39 | F39: =-Parametros!$B$8*H38 | G39: =C39+D39+E39+F39 | H39: =IF(G39>=Parametros!$B$10,1,0) | J39: =Parametros!$B$5*N38 | K39: =Parametros!$B$7*G39 | L39: =(1-Parametros!$B$5)*B39 | M39: =-Parametros!$B$9*O38 | N39: =J39+K39+L39+M39 | O39: =IF(N39>=Parametros!$B$10,1,0) | Q39: =Parametros!$B$11*H39+(1-Parametros!$B$11)*O39
A40: 35 | B40: =Datos!$B$38 | C40: =Parametros!$B$4*G39 | D40: =Parametros!$B$6*N39 | E40: =(1-Parametros!$B$4)*B40 | F40: =-Parametros!$B$8*H39 | G40: =C40+D40+E40+F40 | H40: =IF(G40>=Parametros!$B$10,1,0) | J40: =Parametros!$B$5*N39 | K40: =Parametros!$B$7*G40 | L40: =(1-Parametros!$B$5)*B40 | M40: =-Parametros!$B$9*O39 | N40: =J40+K40+L40+M40 | O40: =IF(N40>=Parametros!$B$10,1,0) | Q40: =Parametros!$B$11*H40+(1-Parametros!$B$11)*O40
A41: 36 | B41: =Datos!$B$39 | C41: =Parametros!$B$4*G40 | D41: =Parametros!$B$6*N40 | E41: =(1-Parametros!$B$4)*B41 | F41: =-Parametros!$B$8*H40 | G41: =C41+D41+E41+F41 | H41: =IF(G41>=Parametros!$B$10,1,0) | J41: =Parametros!$B$5*N40 | K41: =Parametros!$B$7*G41 | L41: =(1-Parametros!$B$5)*B41 | M41: =-Parametros!$B$9*O40 | N41: =J41+K41+L41+M41 | O41: =IF(N41>=Parametros!$B$10,1,0) | Q41: =Parametros!$B$11*H41+(1-Parametros!$B$11)*O41
A42: 37 | B42: =Datos!$B$40 | C42: =Parametros!$B$4*G41 | D42: =Parametros!$B$6*N41 | E42: =(1-Parametros!$B$4)*B42 | F42: =-Parametros!$B$8*H41 | G42: =C42+D42+E42+F42 | H42: =IF(G42>=Parametros!$B$10,1,0) | J42: =Parametros!$B$5*N41 | K42: =Parametros!$B$7*G42 | L42: =(1-Parametros!$B$5)*B42 | M42: =-Parametros!$B$9*O41 | N42: =J42+K42+L42+M42 | O42: =IF(N42>=Parametros!$B$10,1,0) | Q42: =Parametros!$B$11*H42+(1-Parametros!$B$11)*O42
A43: 38 | B43: =Datos!$B$41 | C43: =Parametros!$B$4*G42 | D43: =Parametros!$B$6*N42 | E43: =(1-Parametros!$B$4)*B43 | F43: =-Parametros!$B$8*H42 | G43: =C43+D43+E43+F43 | H43: =IF(G43>=Parametros!$B$10,1,0) | J43: =Parametros!$B$5*N42 | K43: =Parametros!$B$7*G43 | L43: =(1-Parametros!$B$5)*B43 | M43: =-Parametros!$B$9*O42 | N43: =J43+K43+L43+M43 | O43: =IF(N43>=Parametros!$B$10,1,0) | Q43: =Parametros!$B$11*H43+(1-Parametros!$B$11)*O43
A44: 39 | B44: =Datos!$B$42 | C44: =Parametros!$B$4*G43 | D44: =Parametros!$B$6*N43 | E44: =(1-Parametros!$B$4)*B44 | F44: =-Parametros!$B$8*H43 | G44: =C44+D44+E44+F44 | H44: =IF(G44>=Parametros!$B$10,1,0) | J44: =Parametros!$B$5*N43 | K44: =Parametros!$B$7*G44 | L44: =(1-Parametros!$B$5)*B44 | M44: =-Parametros!$B$9*O43 | N44: =J44+K44+L44+M44 | O44: =IF(N44>=Parametros!$B$10,1,0) | Q44: =Parametros!$B$11*H44+(1-Parametros!$B$11)*O44
A45: 40 | B45: =Datos!$B$43 | C45: =Parametros!$B$4*G44 | D45: =Parametros!$B$6*N44 | E45: =(1-Parametros!$B$4)*B45 | F45: =-Parametros!$B$8*H44 | G45: =C45+D45+E45+F45 | H45: =IF(G45>=Parametros!$B$10,1,0) | J45: =Parametros!$B$5*N44 | K45: =Parametros!$B$7*G45 | L45: =(1-Parametros!$B$5)*B45 | M45: =-Parametros!$B$9*O44 | N45: =J45+K45+L45+M45 | O45: =IF(N45>=Parametros!$B$10,1,0) | Q45: =Parametros!$B$11*H45+(1-Parametros!$B$11)*O45
A46: 41 | B46: =Datos!$B$44 | C46: =Parametros!$B$4*G45 | D46: =Parametros!$B$6*N45 | E46: =(1-Parametros!$B$4)*B46 | F46: =-Parametros!$B$8*H45 | G46: =C46+D46+E46+F46 | H46: =IF(G46>=Parametros!$B$10,1,0) | J46: =Parametros!$B$5*N45 | K46: =Parametros!$B$7*G46 | L46: =(1-Parametros!$B$5)*B46 | M46: =-Parametros!$B$9*O45 | N46: =J46+K46+L46+M46 | O46: =IF(N46>=Parametros!$B$10,1,0) | Q46: =Parametros!$B$11*H46+(1-Parametros!$B$11)*O46
A47: 42 | B47: =Datos!$B$45 | C47: =Parametros!$B$4*G46 | D47: =Parametros!$B$6*N46 | E47: =(1-Parametros!$B$4)*B47 | F47: =-Parametros!$B$8*H46 | G47: =C47+D47+E47+F47 | H47: =IF(G47>=Parametros!$B$10,1,0) | J47: =Parametros!$B$5*N46 | K47: =Parametros!$B$7*G47 | L47: =(1-Parametros!$B$5)*B47 | M47: =-Parametros!$B$9*O46 | N47: =J47+K47+L47+M47 | O47: =IF(N47>=Parametros!$B$10,1,0) | Q47: =Parametros!$B$11*H47+(1-Parametros!$B$11)*O47
A48: 43 | B48: =Datos!$B$46 | C48: =Parametros!$B$4*G47 | D48: =Parametros!$B$6*N47 | E48: =(1-Parametros!$B$4)*B48 | F48: =-Parametros!$B$8*H47 | G48: =C48+D48+E48+F48 | H48: =IF(G48>=Parametros!$B$10,1,0) | J48: =Parametros!$B$5*N47 | K48: =Parametros!$B$7*G48 | L48: =(1-Parametros!$B$5)*B48 | M48: =-Parametros!$B$9*O47 | N48: =J48+K48+L48+M48 | O48: =IF(N48>=Parametros!$B$10,1,0) | Q48: =Parametros!$B$11*H48+(1-Parametros!$B$11)*O48
A49: 44 | B49: =Datos!$B$47 | C49: =Parametros!$B$4*G48 | D49: =Parametros!$B$6*N48 | E49: =(1-Parametros!$B$4)*B49 | F49: =-Parametros!$B$8*H48 | G49: =C49+D49+E49+F49 | H49: =IF(G49>=Parametros!$B$10,1,0) | J49: =Parametros!$B$5*N48 | K49: =Parametros!$B$7*G49 | L49: =(1-Parametros!$B$5)*B49 | M49: =-Parametros!$B$9*O48 | N49: =J49+K49+L49+M49 | O49: =IF(N49>=Parametros!$B$10,1,0) | Q49: =Parametros!$B$11*H49+(1-Parametros!$B$11)*O49
A50: 45 | B50: =Datos!$B$48 | C50: =Parametros!$B$4*G49 | D50: =Parametros!$B$6*N49 | E50: =(1-Parametros!$B$4)*B50 | F50: =-Parametros!$B$8*H49 | G50: =C50+D50+E50+F50 | H50: =IF(G50>=Parametros!$B$10,1,0) | J50: =Parametros!$B$5*N49 | K50: =Parametros!$B$7*G50 | L50: =(1-Parametros!$B$5)*B50 | M50: =-Parametros!$B$9*O49 | N50: =J50+K50+L50+M50 | O50: =IF(N50>=Parametros!$B$10,1,0) | Q50: =Parametros!$B$11*H50+(1-Parametros!$B$11)*O50
A51: 46 | B51: =Datos!$B$49 | C51: =Parametros!$B$4*G50 | D51: =Parametros!$B$6*N50 | E51: =(1-Parametros!$B$4)*B51 | F51: =-Parametros!$B$8*H50 | G51: =C51+D51+E51+F51 | H51: =IF(G51>=Parametros!$B$10,1,0) | J51: =Parametros!$B$5*N50 | K51: =Parametros!$B$7*G51 | L51: =(1-Parametros!$B$5)*B51 | M51: =-Parametros!$B$9*O50 | N51: =J51+K51+L51+M51 | O51: =IF(N51>=Parametros!$B$10,1,0) | Q51: =Parametros!$B$11*H51+(1-Parametros!$B$11)*O51
A52: 47 | B52: =Datos!$B$50 | C52: =Parametros!$B$4*G51 | D52: =Parametros!$B$6*N51 | E52: =(1-Parametros!$B$4)*B52 | F52: =-Parametros!$B$8*H51 | G52: =C52+D52+E52+F52 | H52: =IF(G52>=Parametros!$B$10,1,0) | J52: =Parametros!$B$5*N51 | K52: =Parametros!$B$7*G52 | L52: =(1-Parametros!$B$5)*B52 | M52: =-Parametros!$B$9*O51 | N52: =J52+K52+L52+M52 | O52: =IF(N52>=Parametros!$B$10,1,0) | Q52: =Parametros!$B$11*H52+(1-Parametros!$B$11)*O52
A53: 48 | B53: =Datos!$B$51 | C53: =Parametros!$B$4*G52 | D53: =Parametros!$B$6*N52 | E53: =(1-Parametros!$B$4)*B53 | F53: =-Parametros!$B$8*H52 | G53: =C53+D53+E53+F53 | H53: =IF(G53>=Parametros!$B$10,1,0) | J53: =Parametros!$B$5*N52 | K53: =Parametros!$B$7*G53 | L53: =(1-Parametros!$B$5)*B53 | M53: =-Parametros!$B$9*O52 | N53: =J53+K53+L53+M53 | O53: =IF(N53>=Parametros!$B$10,1,0) | Q53: =Parametros!$B$11*H53+(1-Parametros!$B$11)*O53
A54: 49 | B54: =Datos!$B$52 | C54: =Parametros!$B$4*G53 | D54: =Parametros!$B$6*N53 | E54: =(1-Parametros!$B$4)*B54 | F54: =-Parametros!$B$8*H53 | G54: =C54+D54+E54+F54 | H54: =IF(G54>=Parametros!$B$10,1,0) | J54: =Parametros!$B$5*N53 | K54: =Parametros!$B$7*G54 | L54: =(1-Parametros!$B$5)*B54 | M54: =-Parametros!$B$9*O53 | N54: =J54+K54+L54+M54 | O54: =IF(N54>=Parametros!$B$10,1,0) | Q54: =Parametros!$B$11*H54+(1-Parametros!$B$11)*O54
A55: 50 | B55: =Datos!$B$53 | C55: =Parametros!$B$4*G54 | D55: =Parametros!$B$6*N54 | E55: =(1-Parametros!$B$4)*B55 | F55: =-Parametros!$B$8*H54 | G55: =C55+D55+E55+F55 | H55: =IF(G55>=Parametros!$B$10,1,0) | J55: =Parametros!$B$5*N54 | K55: =Parametros!$B$7*G55 | L55: =(1-Parametros!$B$5)*B55 | M55: =-Parametros!$B$9*O54 | N55: =J55+K55+L55+M55 | O55: =IF(N55>=Parametros!$B$10,1,0) | Q55: =Parametros!$B$11*H55+(1-Parametros!$B$11)*O55
A56: 51 | B56: =Datos!$B$54 | C56: =Parametros!$B$4*G55 | D56: =Parametros!$B$6*N55 | E56: =(1-Parametros!$B$4)*B56 | F56: =-Parametros!$B$8*H55 | G56: =C56+D56+E56+F56 | H56: =IF(G56>=Parametros!$B$10,1,0) | J56: =Parametros!$B$5*N55 | K56: =Parametros!$B$7*G56 | L56: =(1-Parametros!$B$5)*B56 | M56: =-Parametros!$B$9*O55 | N56: =J56+K56+L56+M56 | O56: =IF(N56>=Parametros!$B$10,1,0) | Q56: =Parametros!$B$11*H56+(1-Parametros!$B$11)*O56
A57: 52 | B57: =Datos!$B$55 | C57: =Parametros!$B$4*G56 | D57: =Parametros!$B$6*N56 | E57: =(1-Parametros!$B$4)*B57 | F57: =-Parametros!$B$8*H56 | G57: =C57+D57+E57+F57 | H57: =IF(G57>=Parametros!$B$10,1,0) | J57: =Parametros!$B$5*N56 | K57: =Parametros!$B$7*G57 | L57: =(1-Parametros!$B$5)*B57 | M57: =-Parametros!$B$9*O56 | N57: =J57+K57+L57+M57 | O57: =IF(N57>=Parametros!$B$10,1,0) | Q57: =Parametros!$B$11*H57+(1-Parametros!$B$11)*O57
A58: 53 | B58: =Datos!$B$56 | C58: =Parametros!$B$4*G57 | D58: =Parametros!$B$6*N57 | E58: =(1-Parametros!$B$4)*B58 | F58: =-Parametros!$B$8*H57 | G58: =C58+D58+E58+F58 | H58: =IF(G58>=Parametros!$B$10,1,0) | J58: =Parametros!$B$5*N57 | K58: =Parametros!$B$7*G58 | L58: =(1-Parametros!$B$5)*B58 | M58: =-Parametros!$B$9*O57 | N58: =J58+K58+L58+M58 | O58: =IF(N58>=Parametros!$B$10,1,0) | Q58: =Parametros!$B$11*H58+(1-Parametros!$B$11)*O58
A59: 54 | B59: =Datos!$B$57 | C59: =Parametros!$B$4*G58 | D59: =Parametros!$B$6*N58 | E59: =(1-Parametros!$B$4)*B59 | F59: =-Parametros!$B$8*H58 | G59: =C59+D59+E59+F59 | H59: =IF(G59>=Parametros!$B$10,1,0) | J59: =Parametros!$B$5*N58 | K59: =Parametros!$B$7*G59 | L59: =(1-Parametros!$B$5)*B59 | M59: =-Parametros!$B$9*O58 | N59: =J59+K59+L59+M59 | O59: =IF(N59>=Parametros!$B$10,1,0) | Q59: =Parametros!$B$11*H59+(1-Parametros!$B$11)*O59
A60: 55 | B60: =Datos!$B$58 | C60: =Parametros!$B$4*G59 | D60: =Parametros!$B$6*N59 | E60: =(1-Parametros!$B$4)*B60 | F60: =-Parametros!$B$8*H59 | G60: =C60+D60+E60+F60 | H60: =IF(G60>=Parametros!$B$10,1,0) | J60: =Parametros!$B$5*N59 | K60: =Parametros!$B$7*G60 | L60: =(1-Parametros!$B$5)*B60 | M60: =-Parametros!$B$9*O59 | N60: =J60+K60+L60+M60 | O60: =IF(N60>=Parametros!$B$10,1,0) | Q60: =Parametros!$B$11*H60+(1-Parametros!$B$11)*O60
A61: 56 | B61: =Datos!$B$59 | C61: =Parametros!$B$4*G60 | D61: =Parametros!$B$6*N60 | E61: =(1-Parametros!$B$4)*B61 | F61: =-Parametros!$B$8*H60 | G61: =C61+D61+E61+F61 | H61: =IF(G61>=Parametros!$B$10,1,0) | J61: =Parametros!$B$5*N60 | K61: =Parametros!$B$7*G61 | L61: =(1-Parametros!$B$5)*B61 | M61: =-Parametros!$B$9*O60 | N61: =J61+K61+L61+M61 | O61: =IF(N61>=Parametros!$B$10,1,0) | Q61: =Parametros!$B$11*H61+(1-Parametros!$B$11)*O61
A62: 57 | B62: =Datos!$B$60 | C62: =Parametros!$B$4*G61 | D62: =Parametros!$B$6*N61 | E62: =(1-Parametros!$B$4)*B62 | F62: =-Parametros!$B$8*H61 | G62: =C62+D62+E62+F62 | H62: =IF(G62>=Parametros!$B$10,1,0) | J62: =Parametros!$B$5*N61 | K62: =Parametros!$B$7*G62 | L62: =(1-Parametros!$B$5)*B62 | M62: =-Parametros!$B$9*O61 | N62: =J62+K62+L62+M62 | O62: =IF(N62>=Parametros!$B$10,1,0) | Q62: =Parametros!$B$11*H62+(1-Parametros!$B$11)*O62
A63: 58 | B63: =Datos!$B$61 | C63: =Parametros!$B$4*G62 | D63: =Parametros!$B$6*N62 | E63: =(1-Parametros!$B$4)*B63 | F63: =-Parametros!$B$8*H62 | G63: =C63+D63+E63+F63 | H63: =IF(G63>=Parametros!$B$10,1,0) | J63: =Parametros!$B$5*N62 | K63: =Parametros!$B$7*G63 | L63: =(1-Parametros!$B$5)*B63 | M63: =-Parametros!$B$9*O62 | N63: =J63+K63+L63+M63 | O63: =IF(N63>=Parametros!$B$10,1,0) | Q63: =Parametros!$B$11*H63+(1-Parametros!$B$11)*O63
A64: 59 | B64: =Datos!$B$62 | C64: =Parametros!$B$4*G63 | D64: =Parametros!$B$6*N63 | E64: =(1-Parametros!$B$4)*B64 | F64: =-Parametros!$B$8*H63 | G64: =C64+D64+E64+F64 | H64: =IF(G64>=Parametros!$B$10,1,0) | J64: =Parametros!$B$5*N63 | K64: =Parametros!$B$7*G64 | L64: =(1-Parametros!$B$5)*B64 | M64: =-Parametros!$B$9*O63 | N64: =J64+K64+L64+M64 | O64: =IF(N64>=Parametros!$B$10,1,0) | Q64: =Parametros!$B$11*H64+(1-Parametros!$B$11)*O64
A65: 60 | B65: =Datos!$B$63 | C65: =Parametros!$B$4*G64 | D65: =Parametros!$B$6*N64 | E65: =(1-Parametros!$B$4)*B65 | F65: =-Parametros!$B$8*H64 | G65: =C65+D65+E65+F65 | H65: =IF(G65>=Parametros!$B$10,1,0) | J65: =Parametros!$B$5*N64 | K65: =Parametros!$B$7*G65 | L65: =(1-Parametros!$B$5)*B65 | M65: =-Parametros!$B$9*O64 | N65: =J65+K65+L65+M65 | O65: =IF(N65>=Parametros!$B$10,1,0) | Q65: =Parametros!$B$11*H65+(1-Parametros!$B$11)*O65
A66: 61 | B66: =Datos!$B$64 | C66: =Parametros!$B$4*G65 | D66: =Parametros!$B$6*N65 | E66: =(1-Parametros!$B$4)*B66 | F66: =-Parametros!$B$8*H65 | G66: =C66+D66+E66+F66 | H66: =IF(G66>=Parametros!$B$10,1,0) | J66: =Parametros!$B$5*N65 | K66: =Parametros!$B$7*G66 | L66: =(1-Parametros!$B$5)*B66 | M66: =-Parametros!$B$9*O65 | N66: =J66+K66+L66+M66 | O66: =IF(N66>=Parametros!$B$10,1,0) | Q66: =Parametros!$B$11*H66+(1-Parametros!$B$11)*O66
A67: 62 | B67: =Datos!$B$65 | C67: =Parametros!$B$4*G66 | D67: =Parametros!$B$6*N66 | E67: =(1-Parametros!$B$4)*B67 | F67: =-Parametros!$B$8*H66 | G67: =C67+D67+E67+F67 | H67: =IF(G67>=Parametros!$B$10,1,0) | J67: =Parametros!$B$5*N66 | K67: =Parametros!$B$7*G67 | L67: =(1-Parametros!$B$5)*B67 | M67: =-Parametros!$B$9*O66 | N67: =J67+K67+L67+M67 | O67: =IF(N67>=Parametros!$B$10,1,0) | Q67: =Parametros!$B$11*H67+(1-Parametros!$B$11)*O67
A68: 63 | B68: =Datos!$B$66 | C68: =Parametros!$B$4*G67 | D68: =Parametros!$B$6*N67 | E68: =(1-Parametros!$B$4)*B68 | F68: =-Parametros!$B$8*H67 | G68: =C68+D68+E68+F68 | H68: =IF(G68>=Parametros!$B$10,1,0) | J68: =Parametros!$B$5*N67 | K68: =Parametros!$B$7*G68 | L68: =(1-Parametros!$B$5)*B68 | M68: =-Parametros!$B$9*O67 | N68: =J68+K68+L68+M68 | O68: =IF(N68>=Parametros!$B$10,1,0) | Q68: =Parametros!$B$11*H68+(1-Parametros!$B$11)*O68
A69: 64 | B69: =Datos!$B$67 | C69: =Parametros!$B$4*G68 | D69: =Parametros!$B$6*N68 | E69: =(1-Parametros!$B$4)*B69 | F69: =-Parametros!$B$8*H68 | G69: =C69+D69+E69+F69 | H69: =IF(G69>=Parametros!$B$10,1,0) | J69: =Parametros!$B$5*N68 | K69: =Parametros!$B$7*G69 | L69: =(1-Parametros!$B$5)*B69 | M69: =-Parametros!$B$9*O68 | N69: =J69+K69+L69+M69 | O69: =IF(N69>=Parametros!$B$10,1,0) | Q69: =Parametros!$B$11*H69+(1-Parametros!$B$11)*O69
A70: 65 | B70: =Datos!$B$68 | C70: =Parametros!$B$4*G69 | D70: =Parametros!$B$6*N69 | E70: =(1-Parametros!$B$4)*B70 | F70: =-Parametros!$B$8*H69 | G70: =C70+D70+E70+F70 | H70: =IF(G70>=Parametros!$B$10,1,0) | J70: =Parametros!$B$5*N69 | K70: =Parametros!$B$7*G70 | L70: =(1-Parametros!$B$5)*B70 | M70: =-Parametros!$B$9*O69 | N70: =J70+K70+L70+M70 | O70: =IF(N70>=Parametros!$B$10,1,0) | Q70: =Parametros!$B$11*H70+(1-Parametros!$B$11)*O70
A71: 66 | B71: =Datos!$B$69 | C71: =Parametros!$B$4*G70 | D71: =Parametros!$B$6*N70 | E71: =(1-Parametros!$B$4)*B71 | F71: =-Parametros!$B$8*H70 | G71: =C71+D71+E71+F71 | H71: =IF(G71>=Parametros!$B$10,1,0) | J71: =Parametros!$B$5*N70 | K71: =Parametros!$B$7*G71 | L71: =(1-Parametros!$B$5)*B71 | M71: =-Parametros!$B$9*O70 | N71: =J71+K71+L71+M71 | O71: =IF(N71>=Parametros!$B$10,1,0) | Q71: =Parametros!$B$11*H71+(1-Parametros!$B$11)*O71
A72: 67 | B72: =Datos!$B$70 | C72: =Parametros!$B$4*G71 | D72: =Parametros!$B$6*N71 | E72: =(1-Parametros!$B$4)*B72 | F72: =-Parametros!$B$8*H71 | G72: =C72+D72+E72+F72 | H72: =IF(G72>=Parametros!$B$10,1,0) | J72: =Parametros!$B$5*N71 | K72: =Parametros!$B$7*G72 | L72: =(1-Parametros!$B$5)*B72 | M72: =-Parametros!$B$9*O71 | N72: =J72+K72+L72+M72 | O72: =IF(N72>=Parametros!$B$10,1,0) | Q72: =Parametros!$B$11*H72+(1-Parametros!$B$11)*O72
A73: 68 | B73: =Datos!$B$71 | C73: =Parametros!$B$4*G72 | D73: =Parametros!$B$6*N72 | E73: =(1-Parametros!$B$4)*B73 | F73: =-Parametros!$B$8*H72 | G73: =C73+D73+E73+F73 | H73: =IF(G73>=Parametros!$B$10,1,0) | J73: =Parametros!$B$5*N72 | K73: =Parametros!$B$7*G73 | L73: =(1-Parametros!$B$5)*B73 | M73: =-Parametros!$B$9*O72 | N73: =J73+K73+L73+M73 | O73: =IF(N73>=Parametros!$B$10,1,0) | Q73: =Parametros!$B$11*H73+(1-Parametros!$B$11)*O73
A74: 69 | B74: =Datos!$B$72 | C74: =Parametros!$B$4*G73 | D74: =Parametros!$B$6*N73 | E74: =(1-Parametros!$B$4)*B74 | F74: =-Parametros!$B$8*H73 | G74: =C74+D74+E74+F74 | H74: =IF(G74>=Parametros!$B$10,1,0) | J74: =Parametros!$B$5*N73 | K74: =Parametros!$B$7*G74 | L74: =(1-Parametros!$B$5)*B74 | M74: =-Parametros!$B$9*O73 | N74: =J74+K74+L74+M74 | O74: =IF(N74>=Parametros!$B$10,1,0) | Q74: =Parametros!$B$11*H74+(1-Parametros!$B$11)*O74
A75: 70 | B75: =Datos!$B$73 | C75: =Parametros!$B$4*G74 | D75: =Parametros!$B$6*N74 | E75: =(1-Parametros!$B$4)*B75 | F75: =-Parametros!$B$8*H74 | G75: =C75+D75+E75+F75 | H75: =IF(G75>=Parametros!$B$10,1,0) | J75: =Parametros!$B$5*N74 | K75: =Parametros!$B$7*G75 | L75: =(1-Parametros!$B$5)*B75 | M75: =-Parametros!$B$9*O74 | N75: =J75+K75+L75+M75 | O75: =IF(N75>=Parametros!$B$10,1,0) | Q75: =Parametros!$B$11*H75+(1-Parametros!$B$11)*O75
A76: 71 | B76: =Datos!$B$74 | C76: =Parametros!$B$4*G75 | D76: =Parametros!$B$6*N75 | E76: =(1-Parametros!$B$4)*B76 | F76: =-Parametros!$B$8*H75 | G76: =C76+D76+E76+F76 | H76: =IF(G76>=Parametros!$B$10,1,0) | J76: =Parametros!$B$5*N75 | K76: =Parametros!$B$7*G76 | L76: =(1-Parametros!$B$5)*B76 | M76: =-Parametros!$B$9*O75 | N76: =J76+K76+L76+M76 | O76: =IF(N76>=Parametros!$B$10,1,0) | Q76: =Parametros!$B$11*H76+(1-Parametros!$B$11)*O76
A77: 72 | B77: =Datos!$B$75 | C77: =Parametros!$B$4*G76 | D77: =Parametros!$B$6*N76 | E77: =(1-Parametros!$B$4)*B77 | F77: =-Parametros!$B$8*H76 | G77: =C77+D77+E77+F77 | H77: =IF(G77>=Parametros!$B$10,1,0) | J77: =Parametros!$B$5*N76 | K77: =Parametros!$B$7*G77 | L77: =(1-Parametros!$B$5)*B77 | M77: =-Parametros!$B$9*O76 | N77: =J77+K77+L77+M77 | O77: =IF(N77>=Parametros!$B$10,1,0) | Q77: =Parametros!$B$11*H77+(1-Parametros!$B$11)*O77
A78: 73 | B78: =Datos!$B$76 | C78: =Parametros!$B$4*G77 | D78: =Parametros!$B$6*N77 | E78: =(1-Parametros!$B$4)*B78 | F78: =-Parametros!$B$8*H77 | G78: =C78+D78+E78+F78 | H78: =IF(G78>=Parametros!$B$10,1,0) | J78: =Parametros!$B$5*N77 | K78: =Parametros!$B$7*G78 | L78: =(1-Parametros!$B$5)*B78 | M78: =-Parametros!$B$9*O77 | N78: =J78+K78+L78+M78 | O78: =IF(N78>=Parametros!$B$10,1,0) | Q78: =Parametros!$B$11*H78+(1-Parametros!$B$11)*O78
A79: 74 | B79: =Datos!$B$77 | C79: =Parametros!$B$4*G78 | D79: =Parametros!$B$6*N78 | E79: =(1-Parametros!$B$4)*B79 | F79: =-Parametros!$B$8*H78 | G79: =C79+D79+E79+F79 | H79: =IF(G79>=Parametros!$B$10,1,0) | J79: =Parametros!$B$5*N78 | K79: =Parametros!$B$7*G79 | L79: =(1-Parametros!$B$5)*B79 | M79: =-Parametros!$B$9*O78 | N79: =J79+K79+L79+M79 | O79: =IF(N79>=Parametros!$B$10,1,0) | Q79: =Parametros!$B$11*H79+(1-Parametros!$B$11)*O79
A80: 75 | B80: =Datos!$B$78 | C80: =Parametros!$B$4*G79 | D80: =Parametros!$B$6*N79 | E80: =(1-Parametros!$B$4)*B80 | F80: =-Parametros!$B$8*H79 | G80: =C80+D80+E80+F80 | H80: =IF(G80>=Parametros!$B$10,1,0) | J80: =Parametros!$B$5*N79 | K80: =Parametros!$B$7*G80 | L80: =(1-Parametros!$B$5)*B80 | M80: =-Parametros!$B$9*O79 | N80: =J80+K80+L80+M80 | O80: =IF(N80>=Parametros!$B$10,1,0) | Q80: =Parametros!$B$11*H80+(1-Parametros!$B$11)*O80
A81: 76 | B81: =Datos!$B$79 | C81: =Parametros!$B$4*G80 | D81: =Parametros!$B$6*N80 | E81: =(1-Parametros!$B$4)*B81 | F81: =-Parametros!$B$8*H80 | G81: =C81+D81+E81+F81 | H81: =IF(G81>=Parametros!$B$10,1,0) | J81: =Parametros!$B$5*N80 | K81: =Parametros!$B$7*G81 | L81: =(1-Parametros!$B$5)*B81 | M81: =-Parametros!$B$9*O80 | N81: =J81+K81+L81+M81 | O81: =IF(N81>=Parametros!$B$10,1,0) | Q81: =Parametros!$B$11*H81+(1-Parametros!$B$11)*O81
A82: 77 | B82: =Datos!$B$80 | C82: =Parametros!$B$4*G81 | D82: =Parametros!$B$6*N81 | E82: =(1-Parametros!$B$4)*B82 | F82: =-Parametros!$B$8*H81 | G82: =C82+D82+E82+F82 | H82: =IF(G82>=Parametros!$B$10,1,0) | J82: =Parametros!$B$5*N81 | K82: =Parametros!$B$7*G82 | L82: =(1-Parametros!$B$5)*B82 | M82: =-Parametros!$B$9*O81 | N82: =J82+K82+L82+M82 | O82: =IF(N82>=Parametros!$B$10,1,0) | Q82: =Parametros!$B$11*H82+(1-Parametros!$B$11)*O82
A83: 78 | B83: =Datos!$B$81 | C83: =Parametros!$B$4*G82 | D83: =Parametros!$B$6*N82 | E83: =(1-Parametros!$B$4)*B83 | F83: =-Parametros!$B$8*H82 | G83: =C83+D83+E83+F83 | H83: =IF(G83>=Parametros!$B$10,1,0) | J83: =Parametros!$B$5*N82 | K83: =Parametros!$B$7*G83 | L83: =(1-Parametros!$B$5)*B83 | M83: =-Parametros!$B$9*O82 | N83: =J83+K83+L83+M83 | O83: =IF(N83>=Parametros!$B$10,1,0) | Q83: =Parametros!$B$11*H83+(1-Parametros!$B$11)*O83
A84: 79 | B84: =Datos!$B$82 | C84: =Parametros!$B$4*G83 | D84: =Parametros!$B$6*N83 | E84: =(1-Parametros!$B$4)*B84 | F84: =-Parametros!$B$8*H83 | G84: =C84+D84+E84+F84 | H84: =IF(G84>=Parametros!$B$10,1,0) | J84: =Parametros!$B$5*N83 | K84: =Parametros!$B$7*G84 | L84: =(1-Parametros!$B$5)*B84 | M84: =-Parametros!$B$9*O83 | N84: =J84+K84+L84+M84 | O84: =IF(N84>=Parametros!$B$10,1,0) | Q84: =Parametros!$B$11*H84+(1-Parametros!$B$11)*O84
A85: 80 | B85: =Datos!$B$83 | C85: =Parametros!$B$4*G84 | D85: =Parametros!$B$6*N84 | E85: =(1-Parametros!$B$4)*B85 | F85: =-Parametros!$B$8*H84 | G85: =C85+D85+E85+F85 | H85: =IF(G85>=Parametros!$B$10,1,0) | J85: =Parametros!$B$5*N84 | K85: =Parametros!$B$7*G85 | L85: =(1-Parametros!$B$5)*B85 | M85: =-Parametros!$B$9*O84 | N85: =J85+K85+L85+M85 | O85: =IF(N85>=Parametros!$B$10,1,0) | Q85: =Parametros!$B$11*H85+(1-Parametros!$B$11)*O85
A86: 81 | B86: =Datos!$B$84 | C86: =Parametros!$B$4*G85 | D86: =Parametros!$B$6*N85 | E86: =(1-Parametros!$B$4)*B86 | F86: =-Parametros!$B$8*H85 | G86: =C86+D86+E86+F86 | H86: =IF(G86>=Parametros!$B$10,1,0) | J86: =Parametros!$B$5*N85 | K86: =Parametros!$B$7*G86 | L86: =(1-Parametros!$B$5)*B86 | M86: =-Parametros!$B$9*O85 | N86: =J86+K86+L86+M86 | O86: =IF(N86>=Parametros!$B$10,1,0) | Q86: =Parametros!$B$11*H86+(1-Parametros!$B$11)*O86
A87: 82 | B87: =Datos!$B$85 | C87: =Parametros!$B$4*G86 | D87: =Parametros!$B$6*N86 | E87: =(1-Parametros!$B$4)*B87 | F87: =-Parametros!$B$8*H86 | G87: =C87+D87+E87+F87 | H87: =IF(G87>=Parametros!$B$10,1,0) | J87: =Parametros!$B$5*N86 | K87: =Parametros!$B$7*G87 | L87: =(1-Parametros!$B$5)*B87 | M87: =-Parametros!$B$9*O86 | N87: =J87+K87+L87+M87 | O87: =IF(N87>=Parametros!$B$10,1,0) | Q87: =Parametros!$B$11*H87+(1-Parametros!$B$11)*O87
A88: 83 | B88: =Datos!$B$86 | C88: =Parametros!$B$4*G87 | D88: =Parametros!$B$6*N87 | E88: =(1-Parametros!$B$4)*B88 | F88: =-Parametros!$B$8*H87 | G88: =C88+D88+E88+F88 | H88: =IF(G88>=Parametros!$B$10,1,0) | J88: =Parametros!$B$5*N87 | K88: =Parametros!$B$7*G88 | L88: =(1-Parametros!$B$5)*B88 | M88: =-Parametros!$B$9*O87 | N88: =J88+K88+L88+M88 | O88: =IF(N88>=Parametros!$B$10,1,0) | Q88: =Parametros!$B$11*H88+(1-Parametros!$B$11)*O88
A89: 84 | B89: =Datos!$B$87 | C89: =Parametros!$B$4*G88 | D89: =Parametros!$B$6*N88 | E89: =(1-Parametros!$B$4)*B89 | F89: =-Parametros!$B$8*H88 | G89: =C89+D89+E89+F89 | H89: =IF(G89>=Parametros!$B$10,1,0) | J89: =Parametros!$B$5*N88 | K89: =Parametros!$B$7*G89 | L89: =(1-Parametros!$B$5)*B89 | M89: =-Parametros!$B$9*O88 | N89: =J89+K89+L89+M89 | O89: =IF(N89>=Parametros!$B$10,1,0) | Q89: =Parametros!$B$11*H89+(1-Parametros!$B$11)*O89
A90: 85 | B90: =Datos!$B$88 | C90: =Parametros!$B$4*G89 | D90: =Parametros!$B$6*N89 | E90: =(1-Parametros!$B$4)*B90 | F90: =-Parametros!$B$8*H89 | G90: =C90+D90+E90+F90 | H90: =IF(G90>=Parametros!$B$10,1,0) | J90: =Parametros!$B$5*N89 | K90: =Parametros!$B$7*G90 | L90: =(1-Parametros!$B$5)*B90 | M90: =-Parametros!$B$9*O89 | N90: =J90+K90+L90+M90 | O90: =IF(N90>=Parametros!$B$10,1,0) | Q90: =Parametros!$B$11*H90+(1-Parametros!$B$11)*O90
A91: 86 | B91: =Datos!$B$89 | C91: =Parametros!$B$4*G90 | D91: =Parametros!$B$6*N90 | E91: =(1-Parametros!$B$4)*B91 | F91: =-Parametros!$B$8*H90 | G91: =C91+D91+E91+F91 | H91: =IF(G91>=Parametros!$B$10,1,0) | J91: =Parametros!$B$5*N90 | K91: =Parametros!$B$7*G91 | L91: =(1-Parametros!$B$5)*B91 | M91: =-Parametros!$B$9*O90 | N91: =J91+K91+L91+M91 | O91: =IF(N91>=Parametros!$B$10,1,0) | Q91: =Parametros!$B$11*H91+(1-Parametros!$B$11)*O91
A92: 87 | B92: =Datos!$B$90 | C92: =Parametros!$B$4*G91 | D92: =Parametros!$B$6*N91 | E92: =(1-Parametros!$B$4)*B92 | F92: =-Parametros!$B$8*H91 | G92: =C92+D92+E92+F92 | H92: =IF(G92>=Parametros!$B$10,1,0) | J92: =Parametros!$B$5*N91 | K92: =Parametros!$B$7*G92 | L92: =(1-Parametros!$B$5)*B92 | M92: =-Parametros!$B$9*O91 | N92: =J92+K92+L92+M92 | O92: =IF(N92>=Parametros!$B$10,1,0) | Q92: =Parametros!$B$11*H92+(1-Parametros!$B$11)*O92
A93: 88 | B93: =Datos!$B$91 | C93: =Parametros!$B$4*G92 | D93: =Parametros!$B$6*N92 | E93: =(1-Parametros!$B$4)*B93 | F93: =-Parametros!$B$8*H92 | G93: =C93+D93+E93+F93 | H93: =IF(G93>=Parametros!$B$10,1,0) | J93: =Parametros!$B$5*N92 | K93: =Parametros!$B$7*G93 | L93: =(1-Parametros!$B$5)*B93 | M93: =-Parametros!$B$9*O92 | N93: =J93+K93+L93+M93 | O93: =IF(N93>=Parametros!$B$10,1,0) | Q93: =Parametros!$B$11*H93+(1-Parametros!$B$11)*O93
A94: 89 | B94: =Datos!$B$92 | C94: =Parametros!$B$4*G93 | D94: =Parametros!$B$6*N93 | E94: =(1-Parametros!$B$4)*B94 | F94: =-Parametros!$B$8*H93 | G94: =C94+D94+E94+F94 | H94: =IF(G94>=Parametros!$B$10,1,0) | J94: =Parametros!$B$5*N93 | K94: =Parametros!$B$7*G94 | L94: =(1-Parametros!$B$5)*B94 | M94: =-Parametros!$B$9*O93 | N94: =J94+K94+L94+M94 | O94: =IF(N94>=Parametros!$B$10,1,0) | Q94: =Parametros!$B$11*H94+(1-Parametros!$B$11)*O94
A95: 90 | B95: =Datos!$B$93 | C95: =Parametros!$B$4*G94 | D95: =Parametros!$B$6*N94 | E95: =(1-Parametros!$B$4)*B95 | F95: =-Parametros!$B$8*H94 | G95: =C95+D95+E95+F95 | H95: =IF(G95>=Parametros!$B$10,1,0) | J95: =Parametros!$B$5*N94 | K95: =Parametros!$B$7*G95 | L95: =(1-Parametros!$B$5)*B95 | M95: =-Parametros!$B$9*O94 | N95: =J95+K95+L95+M95 | O95: =IF(N95>=Parametros!$B$10,1,0) | Q95: =Parametros!$B$11*H95+(1-Parametros!$B$11)*O95
A96: 91 | B96: =Datos!$B$94 | C96: =Parametros!$B$4*G95 | D96: =Parametros!$B$6*N95 | E96: =(1-Parametros!$B$4)*B96 | F96: =-Parametros!$B$8*H95 | G96: =C96+D96+E96+F96 | H96: =IF(G96>=Parametros!$B$10,1,0) | J96: =Parametros!$B$5*N95 | K96: =Parametros!$B$7*G96 | L96: =(1-Parametros!$B$5)*B96 | M96: =-Parametros!$B$9*O95 | N96: =J96+K96+L96+M96 | O96: =IF(N96>=Parametros!$B$10,1,0) | Q96: =Parametros!$B$11*H96+(1-Parametros!$B$11)*O96
A97: 92 | B97: =Datos!$B$95 | C97: =Parametros!$B$4*G96 | D97: =Parametros!$B$6*N96 | E97: =(1-Parametros!$B$4)*B97 | F97: =-Parametros!$B$8*H96 | G97: =C97+D97+E97+F97 | H97: =IF(G97>=Parametros!$B$10,1,0) | J97: =Parametros!$B$5*N96 | K97: =Parametros!$B$7*G97 | L97: =(1-Parametros!$B$5)*B97 | M97: =-Parametros!$B$9*O96 | N97: =J97+K97+L97+M97 | O97: =IF(N97>=Parametros!$B$10,1,0) | Q97: =Parametros!$B$11*H97+(1-Parametros!$B$11)*O97
A98: 93 | B98: =Datos!$B$96 | C98: =Parametros!$B$4*G97 | D98: =Parametros!$B$6*N97 | E98: =(1-Parametros!$B$4)*B98 | F98: =-Parametros!$B$8*H97 | G98: =C98+D98+E98+F98 | H98: =IF(G98>=Parametros!$B$10,1,0) | J98: =Parametros!$B$5*N97 | K98: =Parametros!$B$7*G98 | L98: =(1-Parametros!$B$5)*B98 | M98: =-Parametros!$B$9*O97 | N98: =J98+K98+L98+M98 | O98: =IF(N98>=Parametros!$B$10,1,0) | Q98: =Parametros!$B$11*H98+(1-Parametros!$B$11)*O98
A99: 94 | B99: =Datos!$B$97 | C99: =Parametros!$B$4*G98 | D99: =Parametros!$B$6*N98 | E99: =(1-Parametros!$B$4)*B99 | F99: =-Parametros!$B$8*H98 | G99: =C99+D99+E99+F99 | H99: =IF(G99>=Parametros!$B$10,1,0) | J99: =Parametros!$B$5*N98 | K99: =Parametros!$B$7*G99 | L99: =(1-Parametros!$B$5)*B99 | M99: =-Parametros!$B$9*O98 | N99: =J99+K99+L99+M99 | O99: =IF(N99>=Parametros!$B$10,1,0) | Q99: =Parametros!$B$11*H99+(1-Parametros!$B$11)*O99
A100: 95 | B100: =Datos!$B$98 | C100: =Parametros!$B$4*G99 | D100: =Parametros!$B$6*N99 | E100: =(1-Parametros!$B$4)*B100 | F100: =-Parametros!$B$8*H99 | G100: =C100+D100+E100+F100 | H100: =IF(G100>=Parametros!$B$10,1,0) | J100: =Parametros!$B$5*N99 | K100: =Parametros!$B$7*G100 | L100: =(1-Parametros!$B$5)*B100 | M100: =-Parametros!$B$9*O99 | N100: =J100+K100+L100+M100 | O100: =IF(N100>=Parametros!$B$10,1,0) | Q100: =Parametros!$B$11*H100+(1-Parametros!$B$11)*O100
...

Sheet Grafico
A1: t | B1: c[t] entrada | C1: vd[t] dendrita | D1: vs[t] soma
A2: 0 | B2: =Simulacion!B5 | C2: =Simulacion!G5 | D2: =Simulacion!N5
A3: 1 | B3: =Simulacion!B6 | C3: =Simulacion!G6 | D3: =Simulacion!N6
A4: 2 | B4: =Simulacion!B7 | C4: =Simulacion!G7 | D4: =Simulacion!N7
A5: 3 | B5: =Simulacion!B8 | C5: =Simulacion!G8 | D5: =Simulacion!N8
A6: 4 | B6: =Simulacion!B9 | C6: =Simulacion!G9 | D6: =Simulacion!N9
A7: 5 | B7: =Simulacion!B10 | C7: =Simulacion!G10 | D7: =Simulacion!N10
A8: 6 | B8: =Simulacion!B11 | C8: =Simulacion!G11 | D8: =Simulacion!N11
A9: 7 | B9: =Simulacion!B12 | C9: =Simulacion!G12 | D9: =Simulacion!N12
A10: 8 | B10: =Simulacion!B13 | C10: =Simulacion!G13 | D10: =Simulacion!N13
A11: 9 | B11: =Simulacion!B14 | C11: =Simulacion!G14 | D11: =Simulacion!N14
A12: 10 | B12: =Simulacion!B15 | C12: =Simulacion!G15 | D12: =Simulacion!N15
A13: 11 | B13: =Simulacion!B16 | C13: =Simulacion!G16 | D13: =Simulacion!N16
... A169: 167 | B169: =Simulacion!B172 | C169: =Simulacion!G172 | D169: =Simulacion!N172
