Workbook

Sheet Resumen
A1: RAZONAMIENTO APROXIMADO — SEGUIMIENTO DE ESTUDIO
A3: Actualización: Probabilidad Bayesiana 1.3 ya está INICIADA; las cuatro variables base quedaron comprendidas.
A5: Total conceptos | C5: Comprendidos / firmes | E5: Pendientes | G5: Débiles
A6: =COUNTA('Mapa de estudio'!$A$2:$A$171) -> 170 | C6: =COUNTIF('Mapa de estudio'!$E$2:$E$171,"🟢 Comprendido")+COUNTIF('Mapa de estudio'!$E$2:$E$171,"🟢 Firme") -> 100 | E6: =COUNTIF('Mapa de estudio'!$E$2:$E$171,"⚪ Pendiente") -> 23 | G6: =COUNTIF('Mapa de estudio'!$E$2:$E$171,"🔴 Débil") -> 2
A9: Estado | B9: Cantidad | D9: DETALLE DEL CONCEPTO EN CURSO — 1.3 PROBABILIDAD BAYESIANA (ver tabla completa en J:N)
A10: 🟢 Firme | B10: =COUNTIF('Mapa de estudio'!$E$2:$E$171,A10) -> 9 | D10: Concepto | E10: Estado | F10: Idea clave | G10: Siguiente | H10: Prioridad
A11: 🟢 Comprendido | B11: =COUNTIF('Mapa de estudio'!$E$2:$E$171,A11) -> 91 | D11: h = hipótesis | E11: =INDEX('Mapa de estudio'!$E$2:$E$171,MATCH("1.3.a",'Mapa de estudio'!$A$2:$A$171,0)) -> 🟢 Comprendido | F11: =INDEX('Mapa de estudio'!$F$2:$F$171,MATCH("1.3.a",'Mapa de estudio'!$A$2:$A$171,0)) -> Conceptualmente, es la afirmación que quiero comprobar. Ej: «quien llama es mi amigo». | G11: =INDEX('Mapa de estudio'!$G$2:$G$171,MATCH("1.3.a",'Mapa de estudio'!$A$2:$A$171,0))&"" | H11: =INDEX('Mapa de estudio'!$H$2:$H$171,MATCH("1.3.a",'Mapa de estudio'!$A$2:$A$171,0)) -> Baja
A12: 🟡 Repasar | B12: =COUNTIF('Mapa de estudio'!$E$2:$E$171,A12) -> 35 | D12: e = evidencia | E12: =INDEX('Mapa de estudio'!$E$2:$E$171,MATCH("1.3.b",'Mapa de estudio'!$A$2:$A$171,0)) -> 🟢 Comprendido | F12: =INDEX('Mapa de estudio'!$F$2:$F$171,MATCH("1.3.b",'Mapa de estudio'!$A$2:$A$171,0)) -> Conceptualmente, es el dato nuevo que observo y que puede cambiar lo que creo sobre h. Ej: «se oye tráfico». | G12: =INDEX('Mapa de estudio'!$G$2:$G$171,MATCH("1.3.b",'Mapa de estudio'!$A$2:$A$171,0))&"" | H12: =INDEX('Mapa de estudio'!$H$2:$H$171,MATCH("1.3.b",'Mapa de estudio'!$A$2:$A$171,0)) -> Baja
A13: 🟠 Iniciado | B13: =COUNTIF('Mapa de estudio'!$E$2:$E$171,A13) -> 8 | D13: P(h) | E13: =INDEX('Mapa de estudio'!$E$2:$E$171,MATCH("1.3.c",'Mapa de estudio'!$A$2:$A$171,0)) -> 🟢 Comprendido | F13: =INDEX('Mapa de estudio'!$F$2:$F$171,MATCH("1.3.c",'Mapa de estudio'!$A$2:$A$171,0)) -> Conceptualmente, es cuánto creo en h antes de ver la evidencia e. | G13: =INDEX('Mapa de estudio'!$G$2:$G$171,MATCH("1.3.c",'Mapa de estudio'!$A$2:$A$171,0))&"" | H13: =INDEX('Mapa de estudio'!$H$2:$H$171,MATCH("1.3.c",'Mapa de estudio'!$A$2:$A$171,0)) -> Baja
A14: 🟠 Parcial | B14: =COUNTIF('Mapa de estudio'!$E$2:$E$171,A14) -> 2 | D14: P(h|e) | E14: =INDEX('Mapa de estudio'!$E$2:$E$171,MATCH("1.3.d",'Mapa de estudio'!$A$2:$A$171,0)) -> 🟢 Comprendido | F14: =INDEX('Mapa de estudio'!$F$2:$F$171,MATCH("1.3.d",'Mapa de estudio'!$A$2:$A$171,0)) -> Conceptualmente, es cuánto creo en h después de ver e (la barra «|» se lee «dado que»). | G14: =INDEX('Mapa de estudio'!$G$2:$G$171,MATCH("1.3.d",'Mapa de estudio'!$A$2:$A$171,0))&"" | H14: =INDEX('Mapa de estudio'!$H$2:$H$171,MATCH("1.3.d",'Mapa de estudio'!$A$2:$A$171,0)) -> Baja
A15: ⚪ Pendiente | B15: =COUNTIF('Mapa de estudio'!$E$2:$E$171,A15) -> 23 | D15: P(e|h) | E15: =INDEX('Mapa de estudio'!$E$2:$E$171,MATCH("1.3.f",'Mapa de estudio'!$A$2:$A$171,0)) -> 🟢 Comprendido | F15: =INDEX('Mapa de estudio'!$F$2:$F$171,MATCH("1.3.f",'Mapa de estudio'!$A$2:$A$171,0)) -> Conceptualmente, es qué tan esperable sería ver la evidencia e si la hipótesis h fuera cierta. Ej: si llama mi amigo de la calle, oír tráfico es muy esperable. | G15: =INDEX('Mapa de estudio'!$G$2:$G$171,MATCH("1.3.f",'Mapa de estudio'!$A$2:$A$171,0))&"" -> Explicarlo antes de usar la fórmula. | H15: =INDEX('Mapa de estudio'!$H$2:$H$171,MATCH("1.3.f",'Mapa de estudio'!$A$2:$A$171,0)) -> Alta
A16: 🔴 Débil | B16: =COUNTIF('Mapa de estudio'!$E$2:$E$171,A16) -> 2 | D16: P(e) | E16: =INDEX('Mapa de estudio'!$E$2:$E$171,MATCH("1.3.g",'Mapa de estudio'!$A$2:$A$171,0)) -> 🟢 Comprendido | F16: =INDEX('Mapa de estudio'!$F$2:$F$171,MATCH("1.3.g",'Mapa de estudio'!$A$2:$A$171,0)) -> Conceptualmente, es qué tan común es ver la evidencia e en total (con h y sin h); sirve de divisor para que el resultado quede entre 0 y 1. | G16: =INDEX('Mapa de estudio'!$G$2:$G$171,MATCH("1.3.g",'Mapa de estudio'!$A$2:$A$171,0))&"" -> Explicarlo junto con P(e|h) sin mezclar ambos. | H16: =INDEX('Mapa de estudio'!$H$2:$H$171,MATCH("1.3.g",'Mapa de estudio'!$A$2:$A$171,0)) -> Alta
D17: Teorema de Bayes | E17: =INDEX('Mapa de estudio'!$E$2:$E$171,MATCH("1.3.h",'Mapa de estudio'!$A$2:$A$171,0)) -> 🟢 Comprendido | F17: =INDEX('Mapa de estudio'!$F$2:$F$171,MATCH("1.3.h",'Mapa de estudio'!$A$2:$A$171,0)) -> Conceptualmente, es la regla que calcula la creencia nueva: mi creencia inicial ajustada por qué tan esperable era la evidencia, dividida entre qué tan común es esa evidencia. Fórmula: P(h|e) = P(h)·P(e|h) / P(e). | G17: =INDEX('Mapa de estudio'!$G$2:$G$171,MATCH("1.3.h",'Mapa de estudio'!$A$2:$A$171,0))&"" -> Construir la fórmula solo cuando cada término esté entendido. | H17: =INDEX('Mapa de estudio'!$H$2:$H$171,MATCH("1.3.h",'Mapa de estudio'!$A$2:$A$171,0)) -> Alta
J23: TODOS LOS TEMAS DEL CURSO — 50 temas (nivel 1, los 5 bloques)
J24: Código | K24: Bloque | L24: Tema | M24: Estado | N24: Prioridad
J25: ='Mapa de estudio'!A3 -> 1.1 | K25: =LEFT(J25,FIND(".",J25)-1) -> 1 | L25: ='Mapa de estudio'!C3 -> Qué es incertidumbre | M25: ='Mapa de estudio'!E3 -> 🟢 Comprendido | N25: ='Mapa de estudio'!H3 -> Baja
J26: ='Mapa de estudio'!A7 -> 1.2 | K26: =LEFT(J26,FIND(".",J26)-1) -> 1 | L26: ='Mapa de estudio'!C7 -> Incertidumbre vs. borrosidad | M26: ='Mapa de estudio'!E7 -> 🟢 Firme | N26: ='Mapa de estudio'!H7 -> Baja
J27: ='Mapa de estudio'!A10 -> 1.3 | K27: =LEFT(J27,FIND(".",J27)-1) -> 1 | L27: ='Mapa de estudio'!C10 -> Probabilidad Bayesiana | M27: ='Mapa de estudio'!E10 -> 🟢 Comprendido | N27: ='Mapa de estudio'!H10 -> Alta
J28: ='Mapa de estudio'!A23 -> 1.4 | K28: =LEFT(J28,FIND(".",J28)-1) -> 1 | L28: ='Mapa de estudio'!C23 -> Factores de Certeza / MYCIN | M28: ='Mapa de estudio'!E23 -> 🟠 Iniciado | N28: ='Mapa de estudio'!H23 -> Alta
J29: ='Mapa de estudio'!A32 -> 1.5 | K29: =LEFT(J29,FIND(".",J29)-1) -> 1 | L29: ='Mapa de estudio'!C32 -> Dempster-Shafer | M29: ='Mapa de estudio'!E32 -> 🟢 Comprendido | N29: ='Mapa de estudio'!H32 -> Alta
J30: ='Mapa de estudio'!A40 -> 2.1 | K30: =LEFT(J30,FIND(".",J30)-1) -> 2 | L30: ='Mapa de estudio'!C40 -> Qué problema resuelve | M30: ='Mapa de estudio'!E40 -> 🟢 Comprendido | N30: ='Mapa de estudio'!H40 -> Baja
J31: ='Mapa de estudio'!A42 -> 2.2 | K31: =LEFT(J31,FIND(".",J31)-1) -> 2 | L31: ='Mapa de estudio'!C42 -> Fuzzy / difuso | M31: ='Mapa de estudio'!E42 -> 🟢 Comprendido | N31: ='Mapa de estudio'!H42 -> Baja
J32: ='Mapa de estudio'!A43 -> 2.3 | K32: =LEFT(J32,FIND(".",J32)-1) -> 2 | L32: ='Mapa de estudio'!C43 -> Crisp / nítido | M32: ='Mapa de estudio'!E43 -> 🟢 Comprendido | N32: ='Mapa de estudio'!H43 -> Baja
J33: ='Mapa de estudio'!A44 -> 2.4 | K33: =LEFT(J33,FIND(".",J33)-1) -> 2 | L33: ='Mapa de estudio'!C44 -> Fuzzy vs. Crisp | M33: ='Mapa de estudio'!E44 -> 🟢 Firme | N33: ='Mapa de estudio'!H44 -> Baja
J34: ='Mapa de estudio'!A45 -> 2.5 | K34: =LEFT(J34,FIND(".",J34)-1) -> 2 | L34: ='Mapa de estudio'!C45 -> Conjuntos borrosos | M34: ='Mapa de estudio'!E45 -> 🟢 Comprendido | N34: ='Mapa de estudio'!H45 -> Media
J35: ='Mapa de estudio'!A46 -> 2.6 | K35: =LEFT(J35,FIND(".",J35)-1) -> 2 | L35: ='Mapa de estudio'!C46 -> Función de pertenencia μ | M35: ='Mapa de estudio'!E46 -> 🟢 Comprendido | N35: ='Mapa de estudio'!H46 -> Alta
J36: ='Mapa de estudio'!A47 -> 2.7 | K36: =LEFT(J36,FIND(".",J36)-1) -> 2 | L36: ='Mapa de estudio'!C47 -> Grado de pertenencia | M36: ='Mapa de estudio'!E47 -> 🟢 Comprendido | N36: ='Mapa de estudio'!H47 -> Alta
J37: ='Mapa de estudio'!A48 -> 2.8 | K37: =LEFT(J37,FIND(".",J37)-1) -> 2 | L37: ='Mapa de estudio'!C48 -> Universo de discurso | M37: ='Mapa de estudio'!E48 -> 🟢 Comprendido | N37: ='Mapa de estudio'!H48 -> Media
A38: Criterio de avance: un concepto no se marca como dominado solo por haberlo visto. En Bayes, por ahora está validado el significado de h, e, P(h) y P(h|e); la fórmula todavía NO está marcada como aprendida. | J38: ='Mapa de estudio'!A49 -> 2.9 | K38: =LEFT(J38,FIND(".",J38)-1) -> 2 | L38: ='Mapa de estudio'!C49 -> Soporte | M38: ='Mapa de estudio'!E49 -> 🔴 Débil | N38: ='Mapa de estudio'!H49 -> Media
J39: ='Mapa de estudio'!A50 -> 2.10 | K39: =LEFT(J39,FIND(".",J39)-1) -> 2 | L39: ='Mapa de estudio'!C50 -> Núcleo | M39: ='Mapa de estudio'!E50 -> 🟠 Parcial | N39: ='Mapa de estudio'!H50 -> Media
J40: ='Mapa de estudio'!A51 -> 2.11 | K40: =LEFT(J40,FIND(".",J40)-1) -> 2 | L40: ='Mapa de estudio'!C51 -> Altura | M40: ='Mapa de estudio'!E51 -> 🟡 Repasar | N40: ='Mapa de estudio'!H51 -> Media
J41: ='Mapa de estudio'!A52 -> 2.12 | K41: =LEFT(J41,FIND(".",J41)-1) -> 2 | L41: ='Mapa de estudio'!C52 -> α-cortes | M41: ='Mapa de estudio'!E52 -> 🟡 Repasar | N41: ='Mapa de estudio'!H52 -> Media
A42: PROGRESO POR BLOQUE — TODOS LOS TEMAS DEL CURSO | J42: ='Mapa de estudio'!A53 -> 2.13 | K42: =LEFT(J42,FIND(".",J42)-1) -> 2 | L42: ='Mapa de estudio'!C53 -> Cardinalidad | M42: ='Mapa de estudio'!E53 -> 🟡 Repasar | N42: ='Mapa de estudio'!H53 -> Media
A43: Bloque | B43: Total | C43: 🟢 Dominado | D43: 🟠 En progreso | E43: 🟡 Repasar | F43: ⚪ Pendiente | G43: 🔴 Débil | H43: % Dominado | J43: ='Mapa de estudio'!A54 -> 2.14 | K43: =LEFT(J43,FIND(".",J43)-1) -> 2 | L43: ='Mapa de estudio'!C54 -> Operadores borrosos | M43: ='Mapa de estudio'!E54 -> 🟡 Repasar | N43: ='Mapa de estudio'!H54 -> Alta
A44: 1. Modelos clásicos de incertidumbre | B44: =COUNTIF('Mapa de estudio'!$B$2:$B$171,$A44) -> 37 | C44: =COUNTIFS('Mapa de estudio'!$B$2:$B$171,$A44,'Mapa de estudio'!$E$2:$E$171,"🟢 Firme")+COUNTIFS('Mapa de estudio'!$B$2:$B$171,$A44,'Mapa de estudio'!$E$2:$E$171,"🟢 Comprendido") -> 35 | D44: =COUNTIFS('Mapa de estudio'!$B$2:$B$171,$A44,'Mapa de estudio'!$E$2:$E$171,"🟠 Iniciado")+COUNTIFS('Mapa de estudio'!$B$2:$B$171,$A44,'Mapa de estudio'!$E$2:$E$171,"🟠 Parcial") -> 1 | E44: =COUNTIFS('Mapa de estudio'!$B$2:$B$171,$A44,'Mapa de estudio'!$E$2:$E$171,"🟡 Repasar") -> 1 | F44: =COUNTIFS('Mapa de estudio'!$B$2:$B$171,$A44,'Mapa de estudio'!$E$2:$E$171,"⚪ Pendiente") -> 0 | G44: =COUNTIFS('Mapa de estudio'!$B$2:$B$171,$A44,'Mapa de estudio'!$E$2:$E$171,"🔴 Débil") -> 0 | H44: =IFERROR(C44/B44,0) -> 0.94594595 | J44: ='Mapa de estudio'!A60 -> 2.15 | K44: =LEFT(J44,FIND(".",J44)-1) -> 2 | L44: ='Mapa de estudio'!C60 -> Principio de extensión | M44: ='Mapa de estudio'!E60 -> 🟡 Repasar | N44: ='Mapa de estudio'!H60 -> Media
A45: 2. Fundamentos de lógica borrosa | B45: =COUNTIF('Mapa de estudio'!$B$2:$B$171,$A45) -> 26 | C45: =COUNTIFS('Mapa de estudio'!$B$2:$B$171,$A45,'Mapa de estudio'!$E$2:$E$171,"🟢 Firme")+COUNTIFS('Mapa de estudio'!$B$2:$B$171,$A45,'Mapa de estudio'!$E$2:$E$171,"🟢 Comprendido") -> 9 | D45: =COUNTIFS('Mapa de estudio'!$B$2:$B$171,$A45,'Mapa de estudio'!$E$2:$E$171,"🟠 Iniciado")+COUNTIFS('Mapa de estudio'!$B$2:$B$171,$A45,'Mapa de estudio'!$E$2:$E$171,"🟠 Parcial") -> 2 | E45: =COUNTIFS('Mapa de estudio'!$B$2:$B$171,$A45,'Mapa de estudio'!$E$2:$E$171,"🟡 Repasar") -> 14 | F45: =COUNTIFS('Mapa de estudio'!$B$2:$B$171,$A45,'Mapa de estudio'!$E$2:$E$171,"⚪ Pendiente") -> 0 | G45: =COUNTIFS('Mapa de estudio'!$B$2:$B$171,$A45,'Mapa de estudio'!$E$2:$E$171,"🔴 Débil") -> 1 | H45: =IFERROR(C45/B45,0) -> 0.34615385 | J45: ='Mapa de estudio'!A61 -> 2.16 | K45: =LEFT(J45,FIND(".",J45)-1) -> 2 | L45: ='Mapa de estudio'!C61 -> Relaciones borrosas | M45: ='Mapa de estudio'!E61 -> 🟡 Repasar | N45: ='Mapa de estudio'!H61 -> Alta
A46: 3. Razonamiento aproximado | B46: =COUNTIF('Mapa de estudio'!$B$2:$B$171,$A46) -> 28 | C46: =COUNTIFS('Mapa de estudio'!$B$2:$B$171,$A46,'Mapa de estudio'!$E$2:$E$171,"🟢 Firme")+COUNTIFS('Mapa de estudio'!$B$2:$B$171,$A46,'Mapa de estudio'!$E$2:$E$171,"🟢 Comprendido") -> 22 | D46: =COUNTIFS('Mapa de estudio'!$B$2:$B$171,$A46,'Mapa de estudio'!$E$2:$E$171,"🟠 Iniciado")+COUNTIFS('Mapa de estudio'!$B$2:$B$171,$A46,'Mapa de estudio'!$E$2:$E$171,"🟠 Parcial") -> 0 | E46: =COUNTIFS('Mapa de estudio'!$B$2:$B$171,$A46,'Mapa de estudio'!$E$2:$E$171,"🟡 Repasar") -> 6 | F46: =COUNTIFS('Mapa de estudio'!$B$2:$B$171,$A46,'Mapa de estudio'!$E$2:$E$171,"⚪ Pendiente") -> 0 | G46: =COUNTIFS('Mapa de estudio'!$B$2:$B$171,$A46,'Mapa de estudio'!$E$2:$E$171,"🔴 Débil") -> 0 | H46: =IFERROR(C46/B46,0) -> 0.78571429 | J46: ='Mapa de estudio'!A66 -> 3.1 | K46: =LEFT(J46,FIND(".",J46)-1) -> 3 | L46: ='Mapa de estudio'!C66 -> Qué significa razonar aproximadamente | M46: ='Mapa de estudio'!E66 -> 🟢 Comprendido | N46: ='Mapa de estudio'!H66 -> Baja
A47: 4. Control borroso | B47: =COUNTIF('Mapa de estudio'!$B$2:$B$171,$A47) -> 27 | C47: =COUNTIFS('Mapa de estudio'!$B$2:$B$171,$A47,'Mapa de estudio'!$E$2:$E$171,"🟢 Firme")+COUNTIFS('Mapa de estudio'!$B$2:$B$171,$A47,'Mapa de estudio'!$E$2:$E$171,"🟢 Comprendido") -> 9 | D47: =COUNTIFS('Mapa de estudio'!$B$2:$B$171,$A47,'Mapa de estudio'!$E$2:$E$171,"🟠 Iniciado")+COUNTIFS('Mapa de estudio'!$B$2:$B$171,$A47,'Mapa de estudio'!$E$2:$E$171,"🟠 Parcial") -> 3 | E47: =COUNTIFS('Mapa de estudio'!$B$2:$B$171,$A47,'Mapa de estudio'!$E$2:$E$171,"🟡 Repasar") -> 10 | F47: =COUNTIFS('Mapa de estudio'!$B$2:$B$171,$A47,'Mapa de estudio'!$E$2:$E$171,"⚪ Pendiente") -> 5 | G47: =COUNTIFS('Mapa de estudio'!$B$2:$B$171,$A47,'Mapa de estudio'!$E$2:$E$171,"🔴 Débil") -> 0 | H47: =IFERROR(C47/B47,0) -> 0.33333333 | J47: ='Mapa de estudio'!A68 -> 3.2 | K47: =LEFT(J47,FIND(".",J47)-1) -> 3 | L47: ='Mapa de estudio'!C68 -> Inferencia | M47: ='Mapa de estudio'!E68 -> 🟢 Comprendido | N47: ='Mapa de estudio'!H68 -> Baja
A48: 5. CLIPS / FuzzyCLIPS | B48: =COUNTIF('Mapa de estudio'!$B$2:$B$171,$A48) -> 52 | C48: =COUNTIFS('Mapa de estudio'!$B$2:$B$171,$A48,'Mapa de estudio'!$E$2:$E$171,"🟢 Firme")+COUNTIFS('Mapa de estudio'!$B$2:$B$171,$A48,'Mapa de estudio'!$E$2:$E$171,"🟢 Comprendido") -> 25 | D48: =COUNTIFS('Mapa de estudio'!$B$2:$B$171,$A48,'Mapa de estudio'!$E$2:$E$171,"🟠 Iniciado")+COUNTIFS('Mapa de estudio'!$B$2:$B$171,$A48,'Mapa de estudio'!$E$2:$E$171,"🟠 Parcial") -> 4 | E48: =COUNTIFS('Mapa de estudio'!$B$2:$B$171,$A48,'Mapa de estudio'!$E$2:$E$171,"🟡 Repasar") -> 4 | F48: =COUNTIFS('Mapa de estudio'!$B$2:$B$171,$A48,'Mapa de estudio'!$E$2:$E$171,"⚪ Pendiente") -> 18 | G48: =COUNTIFS('Mapa de estudio'!$B$2:$B$171,$A48,'Mapa de estudio'!$E$2:$E$171,"🔴 Débil") -> 1 | H48: =IFERROR(C48/B48,0) -> 0.48076923 | J48: ='Mapa de estudio'!A73 -> 3.3 | K48: =LEFT(J48,FIND(".",J48)-1) -> 3 | L48: ='Mapa de estudio'!C73 -> Inferencia vs. aprendizaje | M48: ='Mapa de estudio'!E73 -> 🟢 Firme | N48: ='Mapa de estudio'!H73 -> Baja
A49: TOTAL CURSO | B49: =SUM(B44:B48) -> 170 | C49: =SUM(C44:C48) -> 100 | D49: =SUM(D44:D48) -> 10 | E49: =SUM(E44:E48) -> 35 | F49: =SUM(F44:F48) -> 23 | G49: =SUM(G44:G48) -> 2 | H49: =IFERROR(C49/B49,0) -> 0.58823529 | J49: ='Mapa de estudio'!A76 -> 3.4 | K49: =LEFT(J49,FIND(".",J49)-1) -> 3 | L49: ='Mapa de estudio'!C76 -> Reglas lingüísticas | M49: ='Mapa de estudio'!E76 -> 🟢 Firme | N49: ='Mapa de estudio'!H76 -> Media
A50: Orden pedagógico del curso: Bloque 1 → 2 → 3 → 4 → 5. El bloque en curso es el 1 (Modelos clásicos de incertidumbre, foco actual: Bayes 1.3). Los demás bloques ya tienen algunos conceptos comprendidos de forma adelantada, pero ninguno está cerrado. | J50: ='Mapa de estudio'!A78 -> 3.5 | K50: =LEFT(J50,FIND(".",J50)-1) -> 3 | L50: ='Mapa de estudio'!C78 -> Modificadores / hedges | M50: ='Mapa de estudio'!E78 -> 🟢 Comprendido | N50: ='Mapa de estudio'!H78 -> Media
J51: ='Mapa de estudio'!A82 -> 3.6 | K51: =LEFT(J51,FIND(".",J51)-1) -> 3 | L51: ='Mapa de estudio'!C82 -> Modus Ponens Generalizado | M51: ='Mapa de estudio'!E82 -> 🟢 Comprendido | N51: ='Mapa de estudio'!H82 -> Alta
J52: ='Mapa de estudio'!A87 -> 3.7 | K52: =LEFT(J52,FIND(".",J52)-1) -> 3 | L52: ='Mapa de estudio'!C87 -> Implicaciones borrosas | M52: ='Mapa de estudio'!E87 -> 🟡 Repasar | N52: ='Mapa de estudio'!H87 -> Alta
J53: ='Mapa de estudio'!A91 -> 3.8 | K53: =LEFT(J53,FIND(".",J53)-1) -> 3 | L53: ='Mapa de estudio'!C91 -> Modus Tollens Generalizado | M53: ='Mapa de estudio'!E91 -> 🟡 Repasar | N53: ='Mapa de estudio'!H91 -> Media
J54: ='Mapa de estudio'!A92 -> 3.9 | K54: =LEFT(J54,FIND(".",J54)-1) -> 3 | L54: ='Mapa de estudio'!C92 -> Tipos de proposiciones borrosas | M54: ='Mapa de estudio'!E92 -> 🟡 Repasar | N54: ='Mapa de estudio'!H92 -> Media
J55: ='Mapa de estudio'!A94 -> 4.1 | K55: =LEFT(J55,FIND(".",J55)-1) -> 4 | L55: ='Mapa de estudio'!C94 -> Idea general | M55: ='Mapa de estudio'!E94 -> 🟢 Comprendido | N55: ='Mapa de estudio'!H94 -> Baja
J56: ='Mapa de estudio'!A96 -> 4.2 | K56: =LEFT(J56,FIND(".",J56)-1) -> 4 | L56: ='Mapa de estudio'!C96 -> Arquitectura completa | M56: ='Mapa de estudio'!E96 -> 🟢 Comprendido | N56: ='Mapa de estudio'!H96 -> Alta
J57: ='Mapa de estudio'!A103 -> 4.3 | K57: =LEFT(J57,FIND(".",J57)-1) -> 4 | L57: ='Mapa de estudio'!C103 -> Mamdani | M57: ='Mapa de estudio'!E103 -> 🟡 Repasar | N57: ='Mapa de estudio'!H103 -> Alta
J58: ='Mapa de estudio'!A108 -> 4.4 | K58: =LEFT(J58,FIND(".",J58)-1) -> 4 | L58: ='Mapa de estudio'!C108 -> Desborrosificación | M58: ='Mapa de estudio'!E108 -> 🟢 Comprendido | N58: ='Mapa de estudio'!H108 -> Baja
J59: ='Mapa de estudio'!A110 -> 4.5 | K59: =LEFT(J59,FIND(".",J59)-1) -> 4 | L59: ='Mapa de estudio'!C110 -> Centro de Gravedad / COG | M59: ='Mapa de estudio'!E110 -> 🟠 Iniciado | N59: ='Mapa de estudio'!H110 -> Media
J60: ='Mapa de estudio'!A113 -> 4.6 | K60: =LEFT(J60,FIND(".",J60)-1) -> 4 | L60: ='Mapa de estudio'!C113 -> Criterio del máximo | M60: ='Mapa de estudio'!E113 -> ⚪ Pendiente | N60: ='Mapa de estudio'!H113 -> Media
J61: ='Mapa de estudio'!A114 -> 4.7 | K61: =LEFT(J61,FIND(".",J61)-1) -> 4 | L61: ='Mapa de estudio'!C114 -> Media de Máximos / MOM | M61: ='Mapa de estudio'!E114 -> 🟠 Iniciado | N61: ='Mapa de estudio'!H114 -> Media
J62: ='Mapa de estudio'!A117 -> 4.8 | K62: =LEFT(J62,FIND(".",J62)-1) -> 4 | L62: ='Mapa de estudio'!C117 -> Comparación COG vs. MOM | M62: ='Mapa de estudio'!E117 -> ⚪ Pendiente | N62: ='Mapa de estudio'!H117 -> Media
J63: ='Mapa de estudio'!A118 -> 4.9 | K63: =LEFT(J63,FIND(".",J63)-1) -> 4 | L63: ='Mapa de estudio'!C118 -> Takagi-Sugeno | M63: ='Mapa de estudio'!E118 -> ⚪ Pendiente | N63: ='Mapa de estudio'!H118 -> Alta
J64: ='Mapa de estudio'!A119 -> 4.10 | K64: =LEFT(J64,FIND(".",J64)-1) -> 4 | L64: ='Mapa de estudio'!C119 -> Mamdani vs. Sugeno | M64: ='Mapa de estudio'!E119 -> ⚪ Pendiente | N64: ='Mapa de estudio'!H119 -> Alta
J65: ='Mapa de estudio'!A121 -> 5.1 | K65: =LEFT(J65,FIND(".",J65)-1) -> 5 | L65: ='Mapa de estudio'!C121 -> CLIPS clásico | M65: ='Mapa de estudio'!E121 -> ⚪ Pendiente | N65: ='Mapa de estudio'!H121 -> Alta
J66: ='Mapa de estudio'!A127 -> 5.2 | K66: =LEFT(J66,FIND(".",J66)-1) -> 5 | L66: ='Mapa de estudio'!C127 -> FuzzyCLIPS | M66: ='Mapa de estudio'!E127 -> 🟠 Iniciado | N66: ='Mapa de estudio'!H127 -> Media
J67: ='Mapa de estudio'!A128 -> 5.3 | K67: =LEFT(J67,FIND(".",J67)-1) -> 5 | L67: ='Mapa de estudio'!C128 -> Reglas simples | M67: ='Mapa de estudio'!E128 -> 🟠 Iniciado | N67: ='Mapa de estudio'!H128 -> Alta
J68: ='Mapa de estudio'!A152 -> 5.4 | K68: =LEFT(J68,FIND(".",J68)-1) -> 5 | L68: ='Mapa de estudio'!C152 -> Reglas complejas | M68: ='Mapa de estudio'!E152 -> 🟢 Comprendido | N68: ='Mapa de estudio'!H152 -> Baja
J69: ='Mapa de estudio'!A157 -> 5.5 | K69: =LEFT(J69,FIND(".",J69)-1) -> 5 | L69: ='Mapa de estudio'!C157 -> Matemática de reglas complejas | M69: ='Mapa de estudio'!E157 -> ⚪ Pendiente | N69: ='Mapa de estudio'!H157 -> Alta
J70: ='Mapa de estudio'!A158 -> 5.6 | K70: =LEFT(J70,FIND(".",J70)-1) -> 5 | L70: ='Mapa de estudio'!C158 -> Global Contribution | M70: ='Mapa de estudio'!E158 -> 🟡 Repasar | N70: ='Mapa de estudio'!H158 -> Alta
J71: ='Mapa de estudio'!A160 -> 5.7 | K71: =LEFT(J71,FIND(".",J71)-1) -> 5 | L71: ='Mapa de estudio'!C160 -> Threshold Certainty Factor | M71: ='Mapa de estudio'!E160 -> 🟢 Comprendido | N71: ='Mapa de estudio'!H160 -> Baja
J72: ='Mapa de estudio'!A162 -> 5.8 | K72: =LEFT(J72,FIND(".",J72)-1) -> 5 | L72: ='Mapa de estudio'!C162 -> CF en ASSERT | M72: ='Mapa de estudio'!E162 -> 🟢 Comprendido | N72: ='Mapa de estudio'!H162 -> Baja
J73: ='Mapa de estudio'!A164 -> 5.9 | K73: =LEFT(J73,FIND(".",J73)-1) -> 5 | L73: ='Mapa de estudio'!C164 -> Desborrosificación en FuzzyCLIPS | M73: ='Mapa de estudio'!E164 -> 🟠 Iniciado | N73: ='Mapa de estudio'!H164 -> Media
J74: ='Mapa de estudio'!A165 -> 5.10 | K74: =LEFT(J74,FIND(".",J74)-1) -> 5 | L74: ='Mapa de estudio'!C165 -> Práctica real | M74: ='Mapa de estudio'!E165 -> ⚪ Pendiente | N74: ='Mapa de estudio'!H165 -> Alta

Sheet Mapa de estudio
A1: Código | B1: Bloque | C1: Tema / concepto | D1: Nivel | E1: Estado | F1: Qué significa / evidencia actual | G1: Siguiente paso | H1: Prioridad | I1: Actualizado | J1: Fuente
A2: 1 | B2: 1. Modelos clásicos de incertidumbre | C2: MODELOS CLÁSICOS DE INCERTIDUMBRE | D2: 0 | E2: 🟢 Comprendido | F2: Formas clásicas de manejar la duda: Bayes, Factores de Certeza y Dempster-Shafer. | G2: Completar Bayes y continuar con CF y Dempster-Shafer. | H2: Alta | I2: 13/09/2026 | J2: Mapa de estudio + resumen teórico
A3: 1.1 | B3: 1. Modelos clásicos de incertidumbre | C3: Qué es incertidumbre | D3: 1 | E3: 🟢 Comprendido | F3: Conceptualmente, es no tener información suficiente para saber con seguridad si algo es verdad. Ej: no sé si mi amigo llegará tarde; solo veo el tráfico. | H3: Baja | I3: 13/09/2026 | J3: Mapa de estudio + resumen teórico
A4: 1.1.a | B4: 1. Modelos clásicos de incertidumbre | C4: Información parcial / incompleta | D4: 2 | E4: 🟢 Comprendido | F4: Conceptualmente, es una causa de la incertidumbre: faltan datos, así que no puedo estar seguro de la conclusión. | H4: Baja | I4: 13/09/2026 | J4: Mapa de estudio + resumen teórico
A5: 1.1.b | B5: 1. Modelos clásicos de incertidumbre | C5: Duda sobre el hecho | D5: 2 | E5: 🟢 Comprendido | F5: Conceptualmente, es dudar del hecho mismo: no sé si es verdadero, falso o si la fuente es confiable. | H5: Baja | I5: 13/09/2026 | J5: Mapa de estudio + resumen teórico
A6: 1.1.c | B6: 1. Modelos clásicos de incertidumbre | C6: Idea clave | D6: 2 | E6: 🟢 Comprendido | F6: Conceptualmente, es la frase que resume la incertidumbre: «no sé con suficiente certeza qué ocurre». | H6: Baja | I6: 13/09/2026 | J6: Mapa de estudio + resumen teórico
A7: 1.2 | B7: 1. Modelos clásicos de incertidumbre | C7: Incertidumbre vs. borrosidad | D7: 1 | E7: 🟢 Firme | F7: Conceptualmente, son dos problemas distintos: en la incertidumbre dudo si el hecho es verdad; en la borrosidad conozco el hecho, pero la categoría es gradual. | H7: Baja | I7: 13/09/2026 | J7: Mapa de estudio + resumen teórico
A8: 1.2.a | B8: 1. Modelos clásicos de incertidumbre | C8: Incertidumbre | D8: 2 | E8: 🟢 Firme | F8: Conceptualmente, es dudar de si el hecho es verdad. Ej: ¿lloverá mañana? | H8: Baja | I8: 13/09/2026 | J8: Mapa de estudio + resumen teórico
A9: 1.2.b | B9: 1. Modelos clásicos de incertidumbre | C9: Borrosidad | D9: 2 | E9: 🟢 Firme | F9: Conceptualmente, es conocer bien el dato pero que su categoría no tenga una frontera exacta. Ej: mide 1.75 m; ¿cuenta como «alto»? | H9: Baja | I9: 13/09/2026 | J9: Mapa de estudio + resumen teórico
A10: 1.3 | B10: 1. Modelos clásicos de incertidumbre | C10: Probabilidad Bayesiana | D10: 1 | E10: 🟢 Comprendido | F10: Conceptualmente, es un método para actualizar lo que creo sobre una hipótesis cuando aparece evidencia nueva: creencia inicial → evidencia → creencia nueva. | G10: Seguir con P(e|h), P(e) y recién después construir el Teorema de Bayes. | H10: Alta | I10: 13/09/2026 | J10: Resumen teórico: Probabilidad Bayesiana
A11: 1.3.a | B11: 1. Modelos clásicos de incertidumbre | C11: h = hipótesis | D11: 2 | E11: 🟢 Comprendido | F11: Conceptualmente, es la afirmación que quiero comprobar. Ej: «quien llama es mi amigo». | H11: Baja | I11: 13/09/2026 | J11: Sesión 13/09/2026
A12: 1.3.b | B12: 1. Modelos clásicos de incertidumbre | C12: e = evidencia | D12: 2 | E12: 🟢 Comprendido | F12: Conceptualmente, es el dato nuevo que observo y que puede cambiar lo que creo sobre h. Ej: «se oye tráfico». | H12: Baja | I12: 13/09/2026 | J12: Sesión 13/09/2026
A13: 1.3.c | B13: 1. Modelos clásicos de incertidumbre | C13: P(h) = probabilidad previa | D13: 2 | E13: 🟢 Comprendido | F13: Conceptualmente, es cuánto creo en h antes de ver la evidencia e. | H13: Baja | I13: 13/09/2026 | J13: Sesión 13/09/2026
A14: 1.3.d | B14: 1. Modelos clásicos de incertidumbre | C14: P(h|e) = probabilidad posterior | D14: 2 | E14: 🟢 Comprendido | F14: Conceptualmente, es cuánto creo en h después de ver e (la barra «|» se lee «dado que»). | H14: Baja | I14: 13/09/2026 | J14: Sesión 13/09/2026
A15: 1.3.e | B15: 1. Modelos clásicos de incertidumbre | C15: Relación previa → evidencia → posterior | D15: 2 | E15: 🟢 Comprendido | F15: Conceptualmente, es el recorrido de mi creencia: parto de P(h), llega e y obtengo P(h|e). | H15: Baja | I15: 13/09/2026 | J15: Verificación oral 13/09/2026
A16: 1.3.f | B16: 1. Modelos clásicos de incertidumbre | C16: P(e|h) = verosimilitud | D16: 2 | E16: 🟢 Comprendido | F16: Conceptualmente, es qué tan esperable sería ver la evidencia e si la hipótesis h fuera cierta. Ej: si llama mi amigo de la calle, oír tráfico es muy esperable. | G16: Explicarlo antes de usar la fórmula. | H16: Alta | I16: 13/09/2026 | J16: Resumen teórico: Probabilidad Bayesiana
A17: 1.3.g | B17: 1. Modelos clásicos de incertidumbre | C17: P(e) = probabilidad de la evidencia | D17: 2 | E17: 🟢 Comprendido | F17: Conceptualmente, es qué tan común es ver la evidencia e en total (con h y sin h); sirve de divisor para que el resultado quede entre 0 y 1. | G17: Explicarlo junto con P(e|h) sin mezclar ambos. | H17: Alta | I17: 13/09/2026 | J17: Resumen teórico: Probabilidad Bayesiana
A18: 1.3.h | B18: 1. Modelos clásicos de incertidumbre | C18: Teorema de Bayes | D18: 2 | E18: 🟢 Comprendido | F18: Conceptualmente, es la regla que calcula la creencia nueva: mi creencia inicial ajustada por qué tan esperable era la evidencia, dividida entre qué tan común es esa evidencia. Fórmula: P(h|e) = P(h)·P(e|h) / P(e). | G18: Construir la fórmula solo cuando cada término esté entendido. | H18: Alta | I18: 13/09/2026 | J18: Resumen teórico: Probabilidad Bayesiana
A19: 1.3.i | B19: 1. Modelos clásicos de incertidumbre | C19: Ejemplo con una evidencia | D19: 2 | E19: 🟢 Comprendido | F19: Conceptualmente, es usar la fórmula de Bayes con números para ver cuánto cambia mi creencia en h cuando llega e. Cómo: P(h|e) = P(h)·P(e|h) / P(e). Ej (M = meningitis, S = síntoma): P(S|M)=0.5, P(M)=1/50.000, P(S)=1/20 → P(M|S) = 0.5·(1/50.000) / (1/20) = 0.0002. | G19: Resolver paso a paso. | H19: Alta | I19: 13/09/2026 | J19: Mapa de estudio + resumen teórico
A20: 1.3.j | B20: 1. Modelos clásicos de incertidumbre | C20: Múltiples evidencias | D20: 2 | E20: 🟢 Comprendido | F20: Conceptualmente, es hacer lo mismo con varias evidencias: cada una vuelve a mover la creencia y se combinan todas. Cómo: por cada hipótesis multiplico su P(h) por la P(e|h) de cada evidencia, y divido entre la suma de todas las hipótesis. Ej: h1 = inversor de alto riesgo, h2 = de bajo riesgo; P(h1)=0.3, P(h2)=0.7. e1 = soltero: P(e1|h1)=0.6, P(e1|h2)=0.4. e2 = ingresos altos: P(e2|h1)=0.2, P(e2|h2)=0.8. h1: 0.3·0.6·0.2 = 0.036; h2: 0.7·0.4·0.8 = 0.224 → P(h1|e1,e2) = 0.036 / (0.036+0.224) ≈ 0.14. | G20: Ver después de dominar Bayes básico. | H20: Media | I20: 13/09/2026 | J20: Resumen teórico: Probabilidad Bayesiana
A21: 1.3.k | B21: 1. Modelos clásicos de incertidumbre | C21: Hipótesis exclusivas y exhaustivas | D21: 2 | E21: 🟢 Comprendido | F21: Conceptualmente, es exigir que las hipótesis sean exclusivas (solo una es cierta) y exhaustivas (no falta ninguna), para que sus probabilidades sumen 1. | G21: Introducir al estudiar múltiples evidencias. | H21: Media | I21: 13/09/2026 | J21: Mapa de estudio + resumen teórico
A22: 1.3.l | B22: 1. Modelos clásicos de incertidumbre | C22: Limitaciones del enfoque probabilista | D22: 2 | E22: 🟢 Comprendido | F22: Conceptualmente, son los límites de Bayes: necesita muchas probabilidades, muestras representativas e independencia, y obliga a que P(h)+P(no h)=1. | G22: Revisar al cerrar Bayes. | H22: Media | I22: 13/09/2026 | J22: Resumen teórico: Probabilidad Bayesiana
A23: 1.4 | B23: 1. Modelos clásicos de incertidumbre | C23: Factores de Certeza / MYCIN | D23: 1 | E23: 🟠 Iniciado | F23: Conceptualmente, es un número entre -1 y 1 que dice cuánta confianza tengo en un hecho o regla, según un experto (1 = seguro que sí, -1 = seguro que no). | G23: Retomar después de Bayes. | H23: Alta | I23: 13/09/2026 | J23: Mapa de estudio + resumen teórico
A24: 1.4.a | B24: 1. Modelos clásicos de incertidumbre | C24: Concepto de CF | D24: 2 | E24: 🟢 Comprendido | F24: Conceptualmente, es un número que dice cuánta confianza tengo en un hecho o regla, según el juicio de un experto. | H24: Baja | I24: 13/09/2026 | J24: Mapa de estudio + resumen teórico
A25: 1.4.b | B25: 1. Modelos clásicos de incertidumbre | C25: Confianza expresada numéricamente | D25: 2 | E25: 🟢 Comprendido | F25: Conceptualmente, es una escala de -1 a 1: 1 = seguro que sí, 0 = sin información, -1 = seguro que no. | H25: Baja | I25: 13/09/2026 | J25: Mapa de estudio + resumen teórico
A26: 1.4.c | B26: 1. Modelos clásicos de incertidumbre | C26: Combinación de CF positivos | D26: 2 | E26: 🟢 Comprendido | F26: Conceptualmente, es una regla que refuerza mi confianza cuando dos pistas apuntan a la misma conclusión. Cómo: CF1 + CF2·(1−CF1). Ej: «viernes → tráfico» 0.8 y «llueve → tráfico» 0.7 → 0.8 + 0.7·(1−0.8) = 0.94. | H26: Alta | I26: 13/09/2026 | J26: Mapa de estudio + resumen teórico
A27: 1.4.d | B27: 1. Modelos clásicos de incertidumbre | C27: Combinación de CF negativos | D27: 2 | E27: 🟢 Comprendido | F27: Conceptualmente, es una regla que refuerza mi desconfianza cuando dos pistas apuntan en contra. Cómo: CF1 + CF2·(1+CF1). Ej: CF1 = -0.3 y CF2 = -0.4 → -0.3 + (-0.4)·(1−0.3) = -0.58. | H27: Alta | I27: 13/09/2026 | J27: Mapa de estudio + resumen teórico
A28: 1.4.e | B28: 1. Modelos clásicos de incertidumbre | C28: Evidencias contradictorias | D28: 2 | E28: 🟢 Comprendido | F28: Conceptualmente, es una regla que compensa una pista a favor con otra en contra. Cómo: (CF1+CF2) / (1 − menor valor absoluto). Ej: 0.8 y -0.4 → (0.8−0.4) / (1−0.4) = 0.4/0.6 ≈ 0.67. | H28: Alta | I28: 13/09/2026 | J28: Mapa de estudio + resumen teórico
A29: 1.4.f | B29: 1. Modelos clásicos de incertidumbre | C29: AND → mínimo | D29: 2 | E29: 🟢 Comprendido | F29: Conceptualmente, es una regla que dice que con «A y B» la confianza es la del dato más débil. Cómo: menor CF de las condiciones × CF de la regla. Ej: CF(A)=0.7 y CF(B)=0.2, regla 0.8 → min = 0.2 → 0.2·0.8 = 0.16. | H29: Alta | I29: 13/09/2026 | J29: Mapa de estudio + resumen teórico
A30: 1.4.g | B30: 1. Modelos clásicos de incertidumbre | C30: OR → máximo | D30: 2 | E30: 🟢 Comprendido | F30: Conceptualmente, es una regla que dice que con «A o B» basta el dato más confiable. Cómo: mayor CF de las condiciones × CF de la regla. Ej: CF(D)=0.3 y CF(F)=0.6, regla 0.4 → max = 0.6 → 0.6·0.4 = 0.24. | H30: Alta | I30: 13/09/2026 | J30: Mapa de estudio + resumen teórico
A31: 1.4.h | B31: 1. Modelos clásicos de incertidumbre | C31: Encadenamiento de reglas | D31: 2 | E31: 🟢 Comprendido | F31: Conceptualmente, es pasar la confianza de una regla a la siguiente: la conclusión de una sirve de dato para la otra. Cómo: se multiplica en cada regla. Ej: si la conclusión intermedia h quedó con CF 0.17 y la regla h→g tiene CF -0.7 → CF(g) = 0.17·(-0.7) ≈ -0.12. | H31: Alta | I31: 13/09/2026 | J31: Mapa de estudio + resumen teórico
A32: 1.5 | B32: 1. Modelos clásicos de incertidumbre | C32: Dempster-Shafer | D32: 1 | E32: 🟢 Comprendido | F32: Conceptualmente, es una teoría que me deja no elegir una sola hipótesis: reparto mi creencia entre grupos de hipótesis o la dejo sin asignar («no sé»). | G32: Ver después de Factores de Certeza. | H32: Alta | I32: 13/09/2026 | J32: Mapa de estudio + resumen teórico
A33: 1.5.a | B33: 1. Modelos clásicos de incertidumbre | C33: Marco de discernimiento | D33: 2 | E33: 🟢 Comprendido | F33: Conceptualmente, es la lista de todas las respuestas posibles, de las que solo una es la cierta. Ej: {Bob, Jim, Sally}. | H33: Alta | I33: 13/09/2026 | J33: Mapa de estudio + resumen teórico
A34: 1.5.b | B34: 1. Modelos clásicos de incertidumbre | C34: Masa m | D34: 2 | E34: 🟢 Comprendido | F34: Conceptualmente, es una regla que reparte mi creencia total (que suma 1) entre grupos de hipótesis, sin partirla dentro de cada grupo. Ej: m({Bob})=0.3, m({Bob,Jim})=0.2, m(H)=0.5 (no sé). | H34: Alta | I34: 13/09/2026 | J34: Mapa de estudio + resumen teórico
A35: 1.5.c | B35: 1. Modelos clásicos de incertidumbre | C35: Creencia BEL | D35: 2 | E35: 🟢 Comprendido | F35: Conceptualmente, es lo mínimo que la evidencia ya garantiza a favor de una proposición S. Cómo: suma de masas de los grupos que caen dentro de S. Ej: con m({Bob})=0.3, m({Bob,Jim})=0.2, m(H)=0.5 (los demás grupos valen 0): BEL({Bob}) = 0.3; BEL({Bob,Jim}) = 0.3+0.2 = 0.5. | H35: Alta | I35: 13/09/2026 | J35: Mapa de estudio + resumen teórico
A36: 1.5.d | B36: 1. Modelos clásicos de incertidumbre | C36: Plausibilidad PL | D36: 2 | E36: 🟢 Comprendido | F36: Conceptualmente, es lo máximo que la evidencia todavía permite a favor de una proposición S (lo que nadie descarta). Cómo: suma de masas de los grupos que comparten alguna hipótesis con S. Ej: con las mismas masas: PL({Bob}) = 0.3+0.2+0.5 = 1; PL({Jim}) = 0.2+0.5 = 0.7. | H36: Alta | I36: 13/09/2026 | J36: Mapa de estudio + resumen teórico
A37: 1.5.e | B37: 1. Modelos clásicos de incertidumbre | C37: Intervalo de creencia | D37: 2 | E37: 🟢 Comprendido | F37: Conceptualmente, es el rango entre lo garantizado (BEL) y lo posible (PL) para decir cuánta duda queda. Ej: con m({Bob})=0.3, m({Bob,Jim})=0.2, m(H)=0.5: Bob → [0.3, 1]; el ancho (1−0.3 = 0.7) es la duda que queda. | H37: Alta | I37: 13/09/2026 | J37: Mapa de estudio + resumen teórico
A38: 1.5.f | B38: 1. Modelos clásicos de incertidumbre | C38: Combinación de evidencias | D38: 2 | E38: 🟡 Repasar | F38: Conceptualmente, es una regla que mezcla dos fuentes de evidencia en una sola, quitando lo que se contradice. Cómo: multiplico cada masa de la fuente 1 por cada masa de la fuente 2. Si los dos grupos no comparten ninguna hipótesis, ese producto es CONFLICTO; los demás se suman por el grupo que tienen en común, y todo se divide entre 1 − conflicto. Ej (H = {Bob, Jim, Sally}): fuente 1: m1({Bob})=0.3, m1({Bob,Jim})=0.2, m1(H)=0.5. Fuente 2: m2({Jim})=0.6, m2(H)=0.4. Conflicto: {Bob} y {Jim} no comparten nada → 0.3·0.6 = 0.18. m3({Bob}) = (m1({Bob})·m2(H)) / (1−0.18) = 0.12/0.82 ≈ 0.146. | H38: Alta | I38: 13/09/2026 | J38: Mapa de estudio + resumen teórico
A39: 2 | B39: 2. Fundamentos de lógica borrosa | C39: FUNDAMENTOS DE LÓGICA BORROSA | D39: 0 | E39: 🟠 Iniciado | F39: Conjuntos con grados de pertenencia y sus operaciones: conjuntos borrosos, operadores y relaciones. | G39: Continuar cuando corresponda al orden del curso. | H39: Alta | I39: 13/09/2026 | J39: Mapa de estudio + resumen teórico
A40: 2.1 | B40: 2. Fundamentos de lógica borrosa | C40: Qué problema resuelve | D40: 1 | E40: 🟢 Comprendido | F40: Conceptualmente, sirve para trabajar con categorías sin frontera exacta (alto, joven) cuando el dato sí lo conozco. | H40: Baja | I40: 13/09/2026 | J40: Mapa de estudio + resumen teórico
A41: 2.1.a | B41: 2. Fundamentos de lógica borrosa | C41: Dato conocido + categoría gradual | D41: 2 | E41: 🟢 Comprendido | F41: Conceptualmente, es que conocer el dato no elimina la borrosidad: sé que tiene 30 años, pero «joven» es gradual. | H41: Baja | I41: 13/09/2026 | J41: Mapa de estudio + resumen teórico
A42: 2.2 | B42: 2. Fundamentos de lógica borrosa | C42: Fuzzy / difuso | D42: 1 | E42: 🟢 Comprendido | F42: Conceptualmente, es un concepto al que se pertenece por grados, no solo sí o no. Ej: «joven». | H42: Baja | I42: 13/09/2026 | J42: Mapa de estudio + resumen teórico
A43: 2.3 | B43: 2. Fundamentos de lógica borrosa | C43: Crisp / nítido | D43: 1 | E43: 🟢 Comprendido | F43: Conceptualmente, es un concepto con frontera exacta: se pertenece o no. Ej: «mayor de edad». | H43: Baja | I43: 13/09/2026 | J43: Mapa de estudio + resumen teórico
A44: 2.4 | B44: 2. Fundamentos de lógica borrosa | C44: Fuzzy vs. Crisp | D44: 1 | E44: 🟢 Firme | F44: Conceptualmente, es la diferencia entre pertenecer sí o no (crisp) y pertenecer por grados (fuzzy: un poco, bastante). | H44: Baja | I44: 13/09/2026 | J44: Mapa de estudio + resumen teórico
A45: 2.5 | B45: 2. Fundamentos de lógica borrosa | C45: Conjuntos borrosos | D45: 1 | E45: 🟢 Comprendido | F45: Conceptualmente, es un conjunto donde cada elemento tiene un grado de pertenencia entre 0 y 1. | G45: Repasar con función de pertenencia. | H45: Media | I45: 13/09/2026 | J45: Mapa de estudio + resumen teórico
A46: 2.6 | B46: 2. Fundamentos de lógica borrosa | C46: Función de pertenencia μ | D46: 1 | E46: 🟢 Comprendido | F46: Conceptualmente, es una regla que asigna a cada valor x un grado entre 0 y 1 para decir cuánto encaja en el conjunto (0 = nada, 1 = totalmente). Ej: en «joven» (20:0.8, 30:0.5, 40:0.2), μ(30) = 0.5. | G46: Practicar lectura de valores de pertenencia. | H46: Alta | I46: 13/09/2026 | J46: Mapa de estudio + resumen teórico
A47: 2.7 | B47: 2. Fundamentos de lógica borrosa | C47: Grado de pertenencia | D47: 1 | E47: 🟢 Comprendido | F47: Conceptualmente, es un número que dice qué tanto encaja algo en una categoría; no es una probabilidad. | G47: Verificar con ejemplos sin usar la palabra probabilidad. | H47: Alta | I47: 13/09/2026 | J47: Mapa de estudio + resumen teórico
A48: 2.8 | B48: 2. Fundamentos de lógica borrosa | C48: Universo de discurso | D48: 1 | E48: 🟢 Comprendido | F48: Conceptualmente, es el rango de valores posibles de la variable. Ej: edad de 0 a 100. | H48: Media | I48: 13/09/2026 | J48: Mapa de estudio + resumen teórico
A49: 2.9 | B49: 2. Fundamentos de lógica borrosa | C49: Soporte | D49: 1 | E49: 🔴 Débil | F49: Conceptualmente, es el conjunto de valores que cuentan aunque sea un poco (pertenencia mayor que 0). Ej: «joven» (edad:grado) = 5:1, 10:1, 20:0.8, 30:0.5, 40:0.2, 50:0.1, 60:0, 70:0, 80:0 → soporte = {5, 10, 20, 30, 40, 50}. | H49: Media | I49: 13/09/2026 | J49: Mapa de estudio + resumen teórico
A50: 2.10 | B50: 2. Fundamentos de lógica borrosa | C50: Núcleo | D50: 1 | E50: 🟠 Parcial | F50: Conceptualmente, es el conjunto de valores con la pertenencia más alta. Ej: «joven» (edad:grado) = 5:1, 10:1, 20:0.8, 30:0.5, 40:0.2, 50:0.1, 60:0, 70:0, 80:0 → núcleo = {5, 10} (grado 1). | H50: Media | I50: 13/09/2026 | J50: Mapa de estudio + resumen teórico
A51: 2.11 | B51: 2. Fundamentos de lógica borrosa | C51: Altura | D51: 1 | E51: 🟡 Repasar | F51: Conceptualmente, es el mayor grado de pertenencia que alcanza el conjunto. Ej: «mayor» (edad:grado) = 5:0, 10:0, 20:0.1, 30:0.2, 40:0.4, 50:0.6, 60:0.8, 70:1, 80:1 → altura = 1. | H51: Media | I51: 13/09/2026 | J51: Mapa de estudio + resumen teórico
A52: 2.12 | B52: 2. Fundamentos de lógica borrosa | C52: α-cortes | D52: 1 | E52: 🟡 Repasar | F52: Conceptualmente, es el conjunto de valores cuya pertenencia llega al menos a un umbral α que yo elijo (queda un conjunto sin grados). Ej: «joven» (edad:grado) = 5:1, 10:1, 20:0.8, 30:0.5, 40:0.2, 50:0.1, 60:0, 70:0, 80:0, α = 0.2 → {5, 10, 20, 30, 40}. | H52: Media | I52: 13/09/2026 | J52: Mapa de estudio + resumen teórico
A53: 2.13 | B53: 2. Fundamentos de lógica borrosa | C53: Cardinalidad | D53: 1 | E53: 🟡 Repasar | F53: Conceptualmente, es el «tamaño» del conjunto borroso: la suma de todos sus grados. Ej: «mayor» (edad:grado) = 5:0, 10:0, 20:0.1, 30:0.2, 40:0.4, 50:0.6, 60:0.8, 70:1, 80:1 → 0+0+0.1+0.2+0.4+0.6+0.8+1+1 = 4.1. | H53: Media | I53: 13/09/2026 | J53: Mapa de estudio + resumen teórico
A54: 2.14 | B54: 2. Fundamentos de lógica borrosa | C54: Operadores borrosos | D54: 1 | E54: 🟡 Repasar | F54: Conceptualmente, son las operaciones para combinar conjuntos borrosos: NO, Y (intersección), O (unión) y sus versiones generales (T-normas, T-conormas). | H54: Alta | I54: 13/09/2026 | J54: Mapa de estudio + resumen teórico
A55: 2.14.a | B55: 2. Fundamentos de lógica borrosa | C55: Complemento | D55: 2 | E55: 🟡 Repasar | F55: Conceptualmente, es el «no»: da el grado opuesto. Cómo: 1 − μ. Ej: 0.8 «joven» → 0.2 «no joven». | H55: Media | I55: 13/09/2026 | J55: Mapa de estudio + resumen teórico
A56: 2.14.b | B56: 2. Fundamentos de lógica borrosa | C56: Unión / máximo | D56: 2 | E56: 🟡 Repasar | F56: Conceptualmente, es el «o»: gana el grado mayor. Ej: 0.3 y 0.7 → 0.7. | H56: Media | I56: 13/09/2026 | J56: Mapa de estudio + resumen teórico
A57: 2.14.c | B57: 2. Fundamentos de lógica borrosa | C57: Intersección / mínimo | D57: 2 | E57: 🟡 Repasar | F57: Conceptualmente, es el «y»: manda el grado menor. Ej: 0.3 y 0.7 → 0.3. | H57: Media | I57: 13/09/2026 | J57: Mapa de estudio + resumen teórico
A58: 2.14.d | B58: 2. Fundamentos de lógica borrosa | C58: T-normas | D58: 2 | E58: 🟡 Repasar | F58: Conceptualmente, son distintas formas de calcular el «y» borroso: mínimo, producto, Lukasiewicz, Yager. | H58: Media | I58: 13/09/2026 | J58: Mapa de estudio + resumen teórico
A59: 2.14.e | B59: 2. Fundamentos de lógica borrosa | C59: T-conormas | D59: 2 | E59: 🟡 Repasar | F59: Conceptualmente, son distintas formas de calcular el «o» borroso: máximo, a+b−a·b, Lukasiewicz, Yager. | H59: Media | I59: 13/09/2026 | J59: Mapa de estudio + resumen teórico
... A64: 2.16.c | B64: 2. Fundamentos de lógica borrosa | C64: Composición max-producto | D64: 2 | E64: 🟡 Repasar | F64: Conceptualmente, es igual que max-min, pero cada camino vale el producto de sus tramos. Ej: P(x,y1)=0.6, P(x,y2)=0.9; Q(y1,z)=0.5, Q(y2,z)=0.3 → max( 0.6·0.5, 0.9·0.3 ) = max(0.30, 0.27) = 0.30. | H64: Alta | I64: 13/09/2026 | J64: Mapa de estudio + resumen teórico
A65: 3 | B65: 3. Razonamiento aproximado | C65: RAZONAMIENTO APROXIMADO | D65: 0 | E65: 🟢 Comprendido | F65: Sacar conclusiones con reglas y hechos aproximados (Modus Ponens Generalizado). | G65: Avanzar en el orden del material. | H65: Alta | I65: 13/09/2026 | J65: Mapa de estudio + resumen teórico
A66: 3.1 | B66: 3. Razonamiento aproximado | C66: Qué significa razonar aproximadamente | D66: 1 | E66: 🟢 Comprendido | F66: Conceptualmente, es sacar una conclusión útil aunque el hecho solo se parezca a la condición de la regla. | H66: Baja | I66: 13/09/2026 | J66: Mapa de estudio + resumen teórico
A67: 3.1.a | B67: 3. Razonamiento aproximado | C67: Coincidencia parcial → conclusión | D67: 2 | E67: 🟢 Comprendido | F67: Conceptualmente, es no exigir coincidencia exacta: si el hecho se parece, la conclusión se activa en parte. | H67: Baja | I67: 13/09/2026 | J67: Mapa de estudio + resumen teórico
A68: 3.2 | B68: 3. Razonamiento aproximado | C68: Inferencia | D68: 1 | E68: 🟢 Comprendido | F68: Conceptualmente, es usar reglas ya establecidas sobre una entrada para obtener una conclusión. | H68: Baja | I68: 13/09/2026 | J68: Mapa de estudio + resumen teórico
A69: 3.2.a | B69: 3. Razonamiento aproximado | C69: Conocimiento ya establecido | D69: 2 | E69: 🟢 Comprendido | F69: Conceptualmente, son las reglas o datos que ya tengo antes de razonar. | H69: Baja | I69: 13/09/2026 | J69: Mapa de estudio + resumen teórico
A70: 3.2.b | B70: 3. Razonamiento aproximado | C70: Entrada | D70: 2 | E70: 🟢 Comprendido | F70: Conceptualmente, es el dato observado que activa las reglas. | H70: Baja | I70: 13/09/2026 | J70: Mapa de estudio + resumen teórico
A71: 3.2.c | B71: 3. Razonamiento aproximado | C71: Proceso de inferencia | D71: 2 | E71: 🟢 Comprendido | F71: Conceptualmente, es el mecanismo que aplica las reglas a la entrada. | H71: Baja | I71: 13/09/2026 | J71: Mapa de estudio + resumen teórico
A72: 3.2.d | B72: 3. Razonamiento aproximado | C72: Conclusión / salida | D72: 2 | E72: 🟢 Comprendido | F72: Conceptualmente, es el resultado de aplicar las reglas a la entrada. | H72: Baja | I72: 13/09/2026 | J72: Mapa de estudio + resumen teórico
A73: 3.3 | B73: 3. Razonamiento aproximado | C73: Inferencia vs. aprendizaje | D73: 1 | E73: 🟢 Firme | F73: Conceptualmente, es la diferencia entre inferir (usar el conocimiento que ya tengo) y aprender (cambiarlo). | H73: Baja | I73: 13/09/2026 | J73: Mapa de estudio + resumen teórico
A74: 3.3.a | B74: 3. Razonamiento aproximado | C74: Aprendizaje | D74: 2 | E74: 🟢 Firme | F74: Conceptualmente, es modificar el conocimiento (parámetros, pesos) a partir de datos. | H74: Baja | I74: 13/09/2026 | J74: Mapa de estudio + resumen teórico
A75: 3.3.b | B75: 3. Razonamiento aproximado | C75: Inferencia | D75: 2 | E75: 🟢 Firme | F75: Conceptualmente, es usar el conocimiento tal cual está, sin entrenarlo. | H75: Baja | I75: 13/09/2026 | J75: Mapa de estudio + resumen teórico
A76: 3.4 | B76: 3. Razonamiento aproximado | C76: Reglas lingüísticas | D76: 1 | E76: 🟢 Firme | F76: Conceptualmente, es una regla escrita con palabras: «si x es A entonces y es B». | G76: Formalizar su uso en razonamiento borroso. | H76: Media | I76: 13/09/2026 | J76: Mapa de estudio + resumen teórico
A77: 3.4.a | B77: 3. Razonamiento aproximado | C77: SI A → ENTONCES B | D77: 2 | E77: 🟢 Comprendido | F77: Conceptualmente, es la estructura de la regla: SI (condición) ENTONCES (conclusión). | H77: Baja | I77: 13/09/2026 | J77: Mapa de estudio + resumen teórico
A78: 3.5 | B78: 3. Razonamiento aproximado | C78: Modificadores / hedges | D78: 1 | E78: 🟢 Comprendido | F78: Conceptualmente, son palabras que cambian la intensidad de una etiqueta: «muy alto», «más o menos alto», «no alto». | G78: Estudiar cada hedge con la curva. | H78: Media | I78: 13/09/2026 | J78: Mapa de estudio + resumen teórico
A79: 3.5.a | B79: 3. Razonamiento aproximado | C79: muy | D79: 2 | E79: 🟢 Comprendido | F79: Conceptualmente, es un modificador que exige más a la etiqueta. Cómo: μ al cuadrado. Ej: si μ_alto(1.80 m) = 0.8 → «muy alto» = 0.8² = 0.64. | G79: Formalizar su transformación matemática. | H79: Media | I79: 13/09/2026 | J79: Mapa de estudio + resumen teórico
A80: 3.5.b | B80: 3. Razonamiento aproximado | C80: más o menos | D80: 2 | E80: 🟢 Comprendido | F80: Conceptualmente, es un modificador que exige menos a la etiqueta. Cómo: raíz cuadrada de μ. Ej: si μ_alto(1.80 m) = 0.8 → «más o menos alto» = √0.8 ≈ 0.89. | G80: Formalizar su transformación matemática. | H80: Media | I80: 13/09/2026 | J80: Mapa de estudio + resumen teórico
A81: 3.5.c | B81: 3. Razonamiento aproximado | C81: no | D81: 2 | E81: 🟢 Comprendido | F81: Conceptualmente, es un modificador que da lo contrario de la etiqueta. Cómo: 1 − μ. Ej: si μ_alto(1.80 m) = 0.8 → «no alto» = 1 − 0.8 = 0.2. | G81: Formalizar su transformación matemática. | H81: Media | I81: 13/09/2026 | J81: Mapa de estudio + resumen teórico
A82: 3.6 | B82: 3. Razonamiento aproximado | C82: Modus Ponens Generalizado | D82: 1 | E82: 🟢 Comprendido | F82: Conceptualmente, es una regla que, con un hecho que solo se parece a la condición (A' ≈ A), da una conclusión que también solo se parece a la original (B' ≈ B). | H82: Alta | I82: 13/09/2026 | J82: Mapa de estudio + resumen teórico
A83: 3.6.a | B83: 3. Razonamiento aproximado | C83: A = antecedente esperado | D83: 2 | E83: 🟢 Comprendido | F83: Conceptualmente, es la condición que la regla espera ver. Ej: «temperatura alta». | H83: Alta | I83: 13/09/2026 | J83: Mapa de estudio + resumen teórico
A84: 3.6.b | B84: 3. Razonamiento aproximado | C84: A' = antecedente observado | D84: 2 | E84: 🟢 Comprendido | F84: Conceptualmente, es lo que realmente observo, que puede parecerse a A sin ser igual. Ej: «bastante alta». | H84: Alta | I84: 13/09/2026 | J84: Mapa de estudio + resumen teórico
A85: 3.6.c | B85: 3. Razonamiento aproximado | C85: B = consecuente original | D85: 2 | E85: 🟢 Comprendido | F85: Conceptualmente, es la conclusión original de la regla. Ej: «ventilador fuerte». | H85: Alta | I85: 13/09/2026 | J85: Mapa de estudio + resumen teórico
A86: 3.6.d | B86: 3. Razonamiento aproximado | C86: B' = consecuente inferido | D86: 2 | E86: 🟢 Comprendido | F86: Conceptualmente, es la conclusión que obtengo para el hecho observado A' (B' = A' ∘ R). | H86: Alta | I86: 13/09/2026 | J86: Mapa de estudio + resumen teórico
A87: 3.7 | B87: 3. Razonamiento aproximado | C87: Implicaciones borrosas | D87: 1 | E87: 🟡 Repasar | F87: Conceptualmente, son fórmulas que convierten «si A entonces B» en una relación numérica R(x, y) = I(A(x), B(y)) para poder calcular con ella. Hay tres familias: S, R y QL. | H87: Alta | I87: 13/09/2026 | J87: Mapa de estudio + resumen teórico
A88: 3.7.a | B88: 3. Razonamiento aproximado | C88: S-implicaciones | D88: 2 | E88: 🟡 Repasar | F88: Conceptualmente, es una forma de convertir «si A entonces B» en números usando el «no» y el «o». Cómo: I(a, b) = O(no a, b). Ej con a = 0.5, b = 0.4: Kleene-Dienes max(1−a, b) = max(0.5, 0.4) = 0.5; Lukasiewicz min(1−a+b, 1) = 0.9. | H88: Alta | I88: 13/09/2026 | J88: Mapa de estudio + resumen teórico
A89: 3.7.b | B89: 3. Razonamiento aproximado | C89: R-implicaciones | D89: 2 | E89: 🟡 Repasar | F89: Conceptualmente, es una forma de convertir «si A entonces B» en números dando el mayor valor x tal que «a y x» no supere b. Ej con a = 0.5, b = 0.4: Gödel (1 si a≤b, si no b) = 0.4; Goguen (1 si a≤b, si no b/a) = 0.4/0.5 = 0.8. | H89: Alta | I89: 13/09/2026 | J89: Mapa de estudio + resumen teórico
A90: 3.7.c | B90: 3. Razonamiento aproximado | C90: QL-implicaciones | D90: 2 | E90: 🟡 Repasar | F90: Conceptualmente, es una forma de convertir «si A entonces B» en números mezclando el «no a» con el «y» entre a y b. Cómo: I(a, b) = O(no a, Y(a, b)). Ej con a = 0.5, b = 0.4: Early-Zadeh max(1−a, min(a,b)) = max(0.5, 0.4) = 0.5; Klir-Yuan 1−a+a²b = 0.5+0.1 = 0.6. | H90: Alta | I90: 13/09/2026 | J90: Mapa de estudio + resumen teórico
A91: 3.8 | B91: 3. Razonamiento aproximado | C91: Modus Tollens Generalizado | D91: 1 | E91: 🟡 Repasar | F91: Conceptualmente, es razonar al revés: dado B', deducir qué A' es compatible. | H91: Media | I91: 13/09/2026 | J91: Mapa de estudio + resumen teórico
A92: 3.9 | B92: 3. Razonamiento aproximado | C92: Tipos de proposiciones borrosas | D92: 1 | E92: 🟡 Repasar | F92: Conceptualmente, son las formas de afirmar algo en lógica borrosa: simple («x es A») o con regla («si x es A entonces y es B»); cualquiera puede llevar un grado de certeza extra. | H92: Media | I92: 13/09/2026 | J92: Mapa de estudio + resumen teórico
A93: 4 | B93: 4. Control borroso | C93: CONTROL BORROSO | D93: 0 | E93: 🟢 Firme | F93: Controlar sistemas con reglas borrosas: Mamdani, Sugeno y desborrosificación. | G93: Retomar COG/MOM después del bloque que se esté estudiando. | H93: Media | I93: 13/09/2026 | J93: Mapa de estudio + resumen teórico
A94: 4.1 | B94: 4. Control borroso | C94: Idea general | D94: 1 | E94: 🟢 Comprendido | F94: Conceptualmente, es una salida que cambia poco a poco según qué tan activas están las reglas, en vez de todo o nada. Ej (péndulo del curso): cuanto más se inclina el péndulo (ángulo θ), más fuerza F se aplica para corregirlo, de forma gradual. | H94: Baja | I94: 13/09/2026 | J94: Mapa de estudio + resumen teórico
A95: 4.1.a | B95: 4. Control borroso | C95: Grados → ajustes graduales | D95: 2 | E95: 🟢 Comprendido | F95: Conceptualmente, es que la acción varía suavemente con los grados, sin umbrales rígidos. Ej (péndulo del curso): θ = 36° activa «positivo pequeño» en 0.4 y «positivo medio» en 0.6, así que la fuerza sale entre las dos etiquetas (resultado final: F = 3.9). | H95: Baja | I95: 13/09/2026 | J95: Mapa de estudio + resumen teórico
A96: 4.2 | B96: 4. Control borroso | C96: Arquitectura completa | D96: 1 | E96: 🟢 Comprendido | F96: Conceptualmente, es la secuencia completa del controlador: medida → borrosificar → reglas → salida borrosa → desborrosificar → acción. Ej (péndulo del curso): θ = 36° y θ̇ = -2.25°/s → grados (0.4, 0.6, 0.8) → reglas R1 y R2 → curva de salida → F = 3.9. | H96: Alta | I96: 13/09/2026 | J96: Mapa de estudio + resumen teórico
A97: 4.2.a | B97: 4. Control borroso | C97: Entrada nítida | D97: 2 | E97: 🟢 Comprendido | F97: Conceptualmente, es el número medido tal cual. Ej (péndulo del curso): θ = 36° (ángulo del péndulo) y θ̇ = -2.25°/s (qué tan rápido cambia el ángulo). | H97: Alta | I97: 13/09/2026 | J97: Mapa de estudio + resumen teórico
A98: 4.2.b | B98: 4. Control borroso | C98: Borrosificación | D98: 2 | E98: 🟢 Comprendido | F98: Conceptualmente, es convertir ese número en grados de pertenencia a cada etiqueta. Ej (péndulo del curso): θ = 36° → «positivo pequeño» 0.4 y «positivo medio» 0.6; θ̇ = -2.25°/s → «aproximadamente cero» 0.8. Cómo se lee la curva: «positivo pequeño» vale 1 en 22.5° y baja a 0 en 45°, así que en 36° vale 1 − (36−22.5)/22.5 = 0.4; «positivo medio» sube de 0 en 22.5° a 1 en 45°, así que en 36° vale (36−22.5)/22.5 = 0.6; «aprox. cero» vale 1 en 0 y 0 en ±11.25, así que en -2.25 vale 1 − 2.25/11.25 = 0.8. | H98: Alta | I98: 13/09/2026 | J98: Mapa de estudio + resumen teórico
A99: 4.2.c | B99: 4. Control borroso | C99: Reglas / inferencia | D99: 2 | E99: 🟡 Repasar | F99: Conceptualmente, es evaluar cada regla usando esos grados. Ej (péndulo del curso): R1 «si θ es positivo pequeño (0.4) y θ̇ es aprox. cero (0.8) → F es positivo pequeño»; R2 «si θ es positivo medio (0.6) y θ̇ es aprox. cero (0.8) → F es positivo medio». | H99: Alta | I99: 13/09/2026 | J99: Mapa de estudio + resumen teórico
A100: 4.2.d | B100: 4. Control borroso | C100: Salida borrosa | D100: 2 | E100: 🟡 Repasar | F100: Conceptualmente, es el resultado combinado de todas las reglas, todavía como curva y no como número. Ej (péndulo del curso): la curva de F vale 0.4 entre x = 1 y x = 3.5, sube a 0.6 en x = 4, se mantiene en 0.6 hasta x = 6 y baja a 0 en x = 7.5. | H100: Alta | I100: 13/09/2026 | J100: Mapa de estudio + resumen teórico
A101: 4.2.e | B101: 4. Control borroso | C101: Desborrosificación | D101: 2 | E101: 🟡 Repasar | F101: Conceptualmente, es convertir esa curva en un solo número. Ej (péndulo del curso): la curva de F da 3.9 con centro de gravedad (o 5 con media de máximos). | H101: Alta | I101: 13/09/2026 | J101: Mapa de estudio + resumen teórico
A102: 4.2.f | B102: 4. Control borroso | C102: Acción concreta | D102: 2 | E102: 🟡 Repasar | F102: Conceptualmente, es el número final que se aplica al sistema. Ej (péndulo del curso): F = 3.9 es la fuerza que se aplica al péndulo. | H102: Alta | I102: 13/09/2026 | J102: Mapa de estudio + resumen teórico
A103: 4.3 | B103: 4. Control borroso | C103: Mamdani | D103: 1 | E103: 🟡 Repasar | F103: Conceptualmente, es un controlador donde la conclusión de cada regla es una etiqueta borrosa, por lo que al final hay que desborrosificar. Ej (péndulo del curso): R1 y R2 concluyen «F es positivo pequeño» y «F es positivo medio» (etiquetas, no números), por eso hace falta pasar la curva a un número. | H103: Alta | I103: 13/09/2026 | J103: Mapa de estudio + resumen teórico
A104: 4.3.a | B104: 4. Control borroso | C104: Reglas | D104: 2 | E104: 🟡 Repasar | F104: Conceptualmente, son las reglas del controlador, con etiquetas borrosas en las condiciones y en la conclusión. Ej (péndulo del curso): R1 «Si θ es positivo pequeño y θ̇ es aprox. cero, entonces F es positivo pequeño»; R2 «Si θ es positivo medio y θ̇ es aprox. cero, entonces F es positivo medio». | H104: Alta | I104: 13/09/2026 | J104: Mapa de estudio + resumen teórico
...

Sheet Bayes 1.3
A1: Código | B1: Concepto | C1: Estado | D1: Qué ya comprendes | E1: Qué falta / siguiente paso | F1: Prioridad
A2: 1.3 | B2: Probabilidad Bayesiana | C2: =INDEX('Mapa de estudio'!$E$2:$E$171,MATCH($A2,'Mapa de estudio'!$A$2:$A$171,0)) -> 🟢 Comprendido | D2: =INDEX('Mapa de estudio'!$F$2:$F$171,MATCH($A2,'Mapa de estudio'!$A$2:$A$171,0))&"" -> Conceptualmente, es un método para actualizar lo que creo sobre una hipótesis cuando aparece evidencia nueva: creencia inicial → evidencia → creencia nueva. | E2: =INDEX('Mapa de estudio'!$G$2:$G$171,MATCH($A2,'Mapa de estudio'!$A$2:$A$171,0))&"" -> Seguir con P(e|h), P(e) y recién después construir el Teorema de Bayes. | F2: =INDEX('Mapa de estudio'!$H$2:$H$171,MATCH($A2,'Mapa de estudio'!$A$2:$A$171,0)) -> Alta
A3: 1.3.a | B3: h = hipótesis | C3: =INDEX('Mapa de estudio'!$E$2:$E$171,MATCH($A3,'Mapa de estudio'!$A$2:$A$171,0)) -> 🟢 Comprendido | D3: =INDEX('Mapa de estudio'!$F$2:$F$171,MATCH($A3,'Mapa de estudio'!$A$2:$A$171,0))&"" -> Conceptualmente, es la afirmación que quiero comprobar. Ej: «quien llama es mi amigo». | E3: =INDEX('Mapa de estudio'!$G$2:$G$171,MATCH($A3,'Mapa de estudio'!$A$2:$A$171,0))&"" | F3: =INDEX('Mapa de estudio'!$H$2:$H$171,MATCH($A3,'Mapa de estudio'!$A$2:$A$171,0)) -> Baja
A4: 1.3.b | B4: e = evidencia | C4: =INDEX('Mapa de estudio'!$E$2:$E$171,MATCH($A4,'Mapa de estudio'!$A$2:$A$171,0)) -> 🟢 Comprendido | D4: =INDEX('Mapa de estudio'!$F$2:$F$171,MATCH($A4,'Mapa de estudio'!$A$2:$A$171,0))&"" -> Conceptualmente, es el dato nuevo que observo y que puede cambiar lo que creo sobre h. Ej: «se oye tráfico». | E4: =INDEX('Mapa de estudio'!$G$2:$G$171,MATCH($A4,'Mapa de estudio'!$A$2:$A$171,0))&"" | F4: =INDEX('Mapa de estudio'!$H$2:$H$171,MATCH($A4,'Mapa de estudio'!$A$2:$A$171,0)) -> Baja
A5: 1.3.c | B5: P(h) = probabilidad previa | C5: =INDEX('Mapa de estudio'!$E$2:$E$171,MATCH($A5,'Mapa de estudio'!$A$2:$A$171,0)) -> 🟢 Comprendido | D5: =INDEX('Mapa de estudio'!$F$2:$F$171,MATCH($A5,'Mapa de estudio'!$A$2:$A$171,0))&"" -> Conceptualmente, es cuánto creo en h antes de ver la evidencia e. | E5: =INDEX('Mapa de estudio'!$G$2:$G$171,MATCH($A5,'Mapa de estudio'!$A$2:$A$171,0))&"" | F5: =INDEX('Mapa de estudio'!$H$2:$H$171,MATCH($A5,'Mapa de estudio'!$A$2:$A$171,0)) -> Baja
A6: 1.3.d | B6: P(h|e) = probabilidad posterior | C6: =INDEX('Mapa de estudio'!$E$2:$E$171,MATCH($A6,'Mapa de estudio'!$A$2:$A$171,0)) -> 🟢 Comprendido | D6: =INDEX('Mapa de estudio'!$F$2:$F$171,MATCH($A6,'Mapa de estudio'!$A$2:$A$171,0))&"" -> Conceptualmente, es cuánto creo en h después de ver e (la barra «|» se lee «dado que»). | E6: =INDEX('Mapa de estudio'!$G$2:$G$171,MATCH($A6,'Mapa de estudio'!$A$2:$A$171,0))&"" | F6: =INDEX('Mapa de estudio'!$H$2:$H$171,MATCH($A6,'Mapa de estudio'!$A$2:$A$171,0)) -> Baja
A7: 1.3.e | B7: Relación previa → evidencia → posterior | C7: =INDEX('Mapa de estudio'!$E$2:$E$171,MATCH($A7,'Mapa de estudio'!$A$2:$A$171,0)) -> 🟢 Comprendido | D7: =INDEX('Mapa de estudio'!$F$2:$F$171,MATCH($A7,'Mapa de estudio'!$A$2:$A$171,0))&"" -> Conceptualmente, es el recorrido de mi creencia: parto de P(h), llega e y obtengo P(h|e). | E7: =INDEX('Mapa de estudio'!$G$2:$G$171,MATCH($A7,'Mapa de estudio'!$A$2:$A$171,0))&"" | F7: =INDEX('Mapa de estudio'!$H$2:$H$171,MATCH($A7,'Mapa de estudio'!$A$2:$A$171,0)) -> Baja
A8: 1.3.f | B8: P(e|h) = verosimilitud | C8: =INDEX('Mapa de estudio'!$E$2:$E$171,MATCH($A8,'Mapa de estudio'!$A$2:$A$171,0)) -> 🟢 Comprendido | D8: =INDEX('Mapa de estudio'!$F$2:$F$171,MATCH($A8,'Mapa de estudio'!$A$2:$A$171,0))&"" -> Conceptualmente, es qué tan esperable sería ver la evidencia e si la hipótesis h fuera cierta. Ej: si llama mi amigo de la calle, oír tráfico es muy esperable. | E8: =INDEX('Mapa de estudio'!$G$2:$G$171,MATCH($A8,'Mapa de estudio'!$A$2:$A$171,0))&"" -> Explicarlo antes de usar la fórmula. | F8: =INDEX('Mapa de estudio'!$H$2:$H$171,MATCH($A8,'Mapa de estudio'!$A$2:$A$171,0)) -> Alta
A9: 1.3.g | B9: P(e) = probabilidad de la evidencia | C9: =INDEX('Mapa de estudio'!$E$2:$E$171,MATCH($A9,'Mapa de estudio'!$A$2:$A$171,0)) -> 🟢 Comprendido | D9: =INDEX('Mapa de estudio'!$F$2:$F$171,MATCH($A9,'Mapa de estudio'!$A$2:$A$171,0))&"" -> Conceptualmente, es qué tan común es ver la evidencia e en total (con h y sin h); sirve de divisor para que el resultado quede entre 0 y 1. | E9: =INDEX('Mapa de estudio'!$G$2:$G$171,MATCH($A9,'Mapa de estudio'!$A$2:$A$171,0))&"" -> Explicarlo junto con P(e|h) sin mezclar ambos. | F9: =INDEX('Mapa de estudio'!$H$2:$H$171,MATCH($A9,'Mapa de estudio'!$A$2:$A$171,0)) -> Alta
A10: 1.3.h | B10: Teorema de Bayes | C10: =INDEX('Mapa de estudio'!$E$2:$E$171,MATCH($A10,'Mapa de estudio'!$A$2:$A$171,0)) -> 🟢 Comprendido | D10: =INDEX('Mapa de estudio'!$F$2:$F$171,MATCH($A10,'Mapa de estudio'!$A$2:$A$171,0))&"" -> Conceptualmente, es la regla que calcula la creencia nueva: mi creencia inicial ajustada por qué tan esperable era la evidencia, dividida entre qué tan común es esa evidencia. Fórmula: P(h|e) = P(h)·P(e|h) / P(e). | E10: =INDEX('Mapa de estudio'!$G$2:$G$171,MATCH($A10,'Mapa de estudio'!$A$2:$A$171,0))&"" -> Construir la fórmula solo cuando cada término esté entendido. | F10: =INDEX('Mapa de estudio'!$H$2:$H$171,MATCH($A10,'Mapa de estudio'!$A$2:$A$171,0)) -> Alta
A11: 1.3.i | B11: Ejemplo con una evidencia | C11: =INDEX('Mapa de estudio'!$E$2:$E$171,MATCH($A11,'Mapa de estudio'!$A$2:$A$171,0)) -> 🟢 Comprendido | D11: =INDEX('Mapa de estudio'!$F$2:$F$171,MATCH($A11,'Mapa de estudio'!$A$2:$A$171,0))&"" -> Conceptualmente, es usar la fórmula de Bayes con números para ver cuánto cambia mi creencia en h cuando llega e. Cómo: P(h|e) = P(h)·P(e|h) / P(e). Ej (M = meningitis, S = síntoma): P(S|M)=0.5, P(M)=1/50.000, P(S)=1/20 → P(M|S) = 0.5·(1/50.000) / (1/20) = 0.0002. | E11: =INDEX('Mapa de estudio'!$G$2:$G$171,MATCH($A11,'Mapa de estudio'!$A$2:$A$171,0))&"" -> Resolver paso a paso. | F11: =INDEX('Mapa de estudio'!$H$2:$H$171,MATCH($A11,'Mapa de estudio'!$A$2:$A$171,0)) -> Alta
A12: 1.3.j | B12: Múltiples evidencias | C12: =INDEX('Mapa de estudio'!$E$2:$E$171,MATCH($A12,'Mapa de estudio'!$A$2:$A$171,0)) -> 🟢 Comprendido | D12: =INDEX('Mapa de estudio'!$F$2:$F$171,MATCH($A12,'Mapa de estudio'!$A$2:$A$171,0))&"" -> Conceptualmente, es hacer lo mismo con varias evidencias: cada una vuelve a mover la creencia y se combinan todas. Cómo: por cada hipótesis multiplico su P(h) por la P(e|h) de cada evidencia, y divido entre la suma de todas las hipótesis. Ej: h1 = inversor de alto riesgo, h2 = de bajo riesgo; P(h1)=0.3, P(h2)=0.7. e1 = soltero: P(e1|h1)=0.6, P(e1|h2)=0.4. e2 = ingresos altos: P(e2|h1)=0.2, P(e2|h2)=0.8. h1: 0.3·0.6·0.2 = 0.036; h2: 0.7·0.4·0.8 = 0.224 → P(h1|e1,e2) = 0.036 / (0.036+0.224) ≈ 0.14. | E12: =INDEX('Mapa de estudio'!$G$2:$G$171,MATCH($A12,'Mapa de estudio'!$A$2:$A$171,0))&"" -> Ver después de dominar Bayes básico. | F12: =INDEX('Mapa de estudio'!$H$2:$H$171,MATCH($A12,'Mapa de estudio'!$A$2:$A$171,0)) -> Media
A13: 1.3.k | B13: Hipótesis exclusivas y exhaustivas | C13: =INDEX('Mapa de estudio'!$E$2:$E$171,MATCH($A13,'Mapa de estudio'!$A$2:$A$171,0)) -> 🟢 Comprendido | D13: =INDEX('Mapa de estudio'!$F$2:$F$171,MATCH($A13,'Mapa de estudio'!$A$2:$A$171,0))&"" -> Conceptualmente, es exigir que las hipótesis sean exclusivas (solo una es cierta) y exhaustivas (no falta ninguna), para que sus probabilidades sumen 1. | E13: =INDEX('Mapa de estudio'!$G$2:$G$171,MATCH($A13,'Mapa de estudio'!$A$2:$A$171,0))&"" -> Introducir al estudiar múltiples evidencias. | F13: =INDEX('Mapa de estudio'!$H$2:$H$171,MATCH($A13,'Mapa de estudio'!$A$2:$A$171,0)) -> Media
A14: 1.3.l | B14: Limitaciones del enfoque probabilista | C14: =INDEX('Mapa de estudio'!$E$2:$E$171,MATCH($A14,'Mapa de estudio'!$A$2:$A$171,0)) -> 🟢 Comprendido | D14: =INDEX('Mapa de estudio'!$F$2:$F$171,MATCH($A14,'Mapa de estudio'!$A$2:$A$171,0))&"" -> Conceptualmente, son los límites de Bayes: necesita muchas probabilidades, muestras representativas e independencia, y obliga a que P(h)+P(no h)=1. | E14: =INDEX('Mapa de estudio'!$G$2:$G$171,MATCH($A14,'Mapa de estudio'!$A$2:$A$171,0))&"" -> Revisar al cerrar Bayes. | F14: =INDEX('Mapa de estudio'!$H$2:$H$171,MATCH($A14,'Mapa de estudio'!$A$2:$A$171,0)) -> Media

Sheet Estados
A1: Estado | B1: Interpretación | C1: Uso en el seguimiento
A2: 🟢 Firme | B2: Dominado | C2: Puedes explicarlo y usarlo con seguridad; idealmente falta confirmar en problema nuevo si aún no se hizo.
A3: 🟢 Comprendido | B3: Comprensión conceptual | C3: Puedes explicarlo correctamente con tus palabras.
A4: 🟡 Repasar | B4: Entendido pero débil | C4: Necesita otra pasada o práctica para estabilizarlo.
A5: 🟠 Iniciado | B5: En progreso | C5: Ya fue introducido, pero falta matemática, procedimiento o aplicación.
A6: 🟠 Parcial | B6: Avanzado parcialmente | C6: Hay varias piezas comprendidas, pero el bloque aún no está cerrado.
A7: ⚪ Pendiente | B7: No estudiado todavía | C7: Aún no se debe evaluar ni asumir como aprendido.
A8: 🔴 Débil | B8: Punto especialmente débil | C8: Requiere reenseñar el paso exacto y volver a verificar.
